Timestamp,FingerID,Pos1,Vel1,Curr1,Pos2,Vel2,Curr2,Pos3,Vel3,Curr3,Pos4,Vel4,Curr4
0.000891388,3,2050.0,1.0,0.0,1024.0,1.0,0.0,2049.0,1.0,3.0,2050.0,0.0,0.0
0.000954209,1,1024.0,1.0,0.0,2048.0,0.0,0.0,2048.0,1.0,0.0,2049.0,0.0,0.0
0.017082973,3,2050.0,1.0,0.0,1024.0,1.0,0.0,2049.0,0.0,2.0,2050.0,0.0,0.0
0.017136028,1,1024.0,1.0,0.0,2048.0,0.0,0.0,2048.0,1.0,0.0,2049.0,0.0,0.0
0.033123007,3,2050.0,1.0,0.0,1024.0,1.0,0.0,2050.0,1.0,-15.0,2050.0,0.0,0.0
0.033176034,1,1024.0,1.0,0.0,2048.0,0.0,0.0,2048.0,1.0,0.0,2049.0,0.0,0.0
0.049150564,3,2050.0,1.0,0.0,1024.0,1.0,0.0,2049.0,1.0,5.0,2050.0,0.0,0.0
0.049204549,1,1024.0,1.0,0.0,2048.0,0.0,0.0,2048.0,1.0,0.0,2049.0,0.0,0.0
0.065080783,3,2050.0,1.0,0.0,1024.0,1.0,0.0,2049.0,0.0,4.0,2050.0,0.0,0.0
0.06512892,1,1024.0,1.0,0.0,2048.0,0.0,0.0,2048.0,1.0,0.0,2049.0,0.0,0.0
0.081186889,1,1024.0,1.0,0.0,2048.0,0.0,0.0,2048.0,1.0,0.0,2049.0,0.0,0.0
0.08129422800000001,3,2050.0,1.0,0.0,1024.0,1.0,0.0,2049.0,0.0,3.0,2050.0,0.0,0.0
0.09719313900000001,1,1024.0,1.0,0.0,2048.0,0.0,0.0,2048.0,1.0,0.0,2049.0,0.0,0.0
0.09730396100000001,3,2050.0,1.0,0.0,1024.0,1.0,0.0,2049.0,0.0,1.0,2050.0,0.0,0.0
0.11326836700000001,3,2050.0,1.0,0.0,1024.0,1.0,0.0,2049.0,1.0,0.0,2050.0,0.0,0.0
0.11339270600000001,1,1024.0,1.0,0.0,2048.0,0.0,0.0,2048.0,1.0,0.0,2049.0,0.0,0.0
0.129166265,3,2050.0,1.0,0.0,1024.0,1.0,0.0,2049.0,1.0,5.0,2050.0,0.0,0.0
0.129279091,1,1024.0,1.0,0.0,2048.0,0.0,0.0,2048.0,1.0,0.0,2049.0,0.0,0.0
0.145381631,3,2050.0,1.0,0.0,1024.0,1.0,0.0,2049.0,0.0,4.0,2050.0,0.0,0.0
0.145491395,1,1024.0,1.0,0.0,2048.0,0.0,0.0,2048.0,1.0,0.0,2049.0,0.0,0.0
0.16127755800000002,3,2050.0,1.0,0.0,1024.0,1.0,0.0,2049.0,0.0,-1.0,2050.0,0.0,0.0
0.16157131600000002,1,1024.0,1.0,0.0,2048.0,0.0,0.0,2048.0,1.0,0.0,2049.0,0.0,0.0
0.177252198,3,2050.0,1.0,0.0,1024.0,1.0,0.0,2049.0,0.0,3.0,2050.0,0.0,0.0
0.17730831000000002,1,1024.0,1.0,0.0,2048.0,0.0,0.0,2048.0,1.0,0.0,2049.0,0.0,0.0
0.193244819,3,2050.0,1.0,0.0,1024.0,1.0,0.0,2050.0,1.0,-1.0,2050.0,0.0,0.0
0.19329558700000002,1,1024.0,1.0,0.0,2048.0,0.0,0.0,2048.0,1.0,0.0,2049.0,0.0,0.0
0.209073905,3,2050.0,1.0,0.0,1024.0,1.0,0.0,2049.0,1.0,3.0,2050.0,0.0,0.0
0.20912359700000002,1,1024.0,1.0,0.0,2048.0,0.0,0.0,2048.0,1.0,0.0,2049.0,0.0,0.0
0.22516149400000002,3,2050.0,1.0,0.0,1024.0,1.0,0.0,2049.0,0.0,-3.0,2050.0,0.0,0.0
0.22521611000000002,1,1024.0,1.0,0.0,2048.0,0.0,0.0,2048.0,1.0,0.0,2049.0,0.0,0.0
0.24116072700000002,3,2050.0,1.0,0.0,1024.0,1.0,0.0,2050.0,2.0,2.0,2050.0,0.0,0.0
0.24121382200000002,1,1024.0,1.0,0.0,2048.0,0.0,0.0,2048.0,1.0,0.0,2049.0,0.0,0.0
0.257116393,3,2050.0,1.0,0.0,1024.0,1.0,0.0,2049.0,1.0,-18.0,2050.0,0.0,0.0
0.25717080200000003,1,1024.0,1.0,0.0,2048.0,0.0,0.0,2048.0,1.0,0.0,2049.0,0.0,0.0
0.273081699,3,2050.0,1.0,0.0,1024.0,1.0,0.0,2049.0,-1.0,1.0,2050.0,0.0,0.0
0.27313347600000004,1,1024.0,1.0,0.0,2048.0,0.0,0.0,2048.0,1.0,0.0,2049.0,0.0,0.0
0.289106858,3,2050.0,1.0,0.0,1024.0,1.0,0.0,2049.0,0.0,2.0,2050.0,0.0,0.0
0.289158211,1,1024.0,1.0,0.0,2048.0,0.0,0.0,2048.0,1.0,0.0,2049.0,0.0,0.0
0.305082845,3,2050.0,1.0,0.0,1024.0,1.0,0.0,2049.0,1.0,-2.0,2050.0,0.0,0.0
0.30515157000000004,1,1024.0,1.0,0.0,2048.0,0.0,0.0,2048.0,1.0,0.0,2049.0,0.0,0.0
0.32109028500000003,3,2050.0,1.0,0.0,1024.0,1.0,0.0,2049.0,0.0,3.0,2050.0,0.0,0.0
0.321146975,1,1024.0,1.0,0.0,2048.0,0.0,0.0,2048.0,1.0,0.0,2049.0,0.0,0.0
0.33714899600000003,3,2050.0,1.0,0.0,1024.0,1.0,0.0,2049.0,0.0,-2.0,2050.0,0.0,0.0
0.33720150400000004,1,1024.0,1.0,0.0,2048.0,0.0,0.0,2048.0,1.0,0.0,2049.0,0.0,0.0
0.35314237800000003,3,2050.0,1.0,0.0,1024.0,1.0,0.0,2049.0,0.0,-2.0,2050.0,0.0,0.0
0.353199457,1,1024.0,1.0,0.0,2048.0,0.0,0.0,2048.0,1.0,0.0,2049.0,0.0,0.0
0.36914835100000004,3,2050.0,1.0,0.0,1024.0,1.0,0.0,2049.0,1.0,-3.0,2050.0,0.0,0.0
0.369202436,1,1024.0,1.0,0.0,2048.0,0.0,0.0,2048.0,1.0,0.0,2049.0,0.0,0.0
0.38527439300000005,3,2050.0,1.0,0.0,1024.0,1.0,0.0,2050.0,1.0,-3.0,2050.0,0.0,0.0
0.38532623200000005,1,1024.0,1.0,0.0,2048.0,0.0,0.0,2048.0,1.0,0.0,2049.0,0.0,0.0
0.40125667400000004,3,2050.0,1.0,0.0,1024.0,1.0,0.0,2049.0,1.0,1.0,2050.0,0.0,0.0
0.40130718000000004,1,1024.0,1.0,0.0,2048.0,0.0,0.0,2048.0,1.0,0.0,2049.0,0.0,0.0
0.417497918,3,2050.0,1.0,0.0,1024.0,1.0,0.0,2049.0,1.0,-6.0,2050.0,0.0,0.0
0.417551059,1,1024.0,1.0,0.0,2048.0,0.0,0.0,2048.0,1.0,0.0,2049.0,0.0,0.0
0.43328789900000003,3,2050.0,1.0,0.0,1024.0,1.0,0.0,2049.0,1.0,-3.0,2050.0,0.0,0.0
0.433339721,1,1024.0,1.0,0.0,2048.0,0.0,0.0,2048.0,1.0,0.0,2049.0,0.0,0.0
0.44915267400000003,3,2050.0,1.0,0.0,1024.0,1.0,0.0,2049.0,0.0,5.0,2050.0,0.0,0.0
0.449207589,1,1024.0,1.0,0.0,2048.0,0.0,0.0,2048.0,1.0,0.0,2049.0,0.0,0.0
0.465192115,3,2050.0,1.0,0.0,1024.0,1.0,0.0,2049.0,0.0,3.0,2050.0,0.0,0.0
0.46524426700000004,1,1024.0,1.0,0.0,2048.0,0.0,0.0,2048.0,1.0,0.0,2049.0,0.0,0.0
0.48112295600000005,3,2050.0,1.0,0.0,1024.0,1.0,0.0,2049.0,1.0,1.0,2050.0,0.0,0.0
0.48118130900000006,1,1024.0,1.0,0.0,2048.0,0.0,0.0,2048.0,1.0,0.0,2049.0,0.0,0.0
0.497089643,3,2050.0,1.0,0.0,1024.0,1.0,0.0,2049.0,0.0,2.0,2050.0,0.0,0.0
0.49714156200000004,1,1024.0,1.0,0.0,2048.0,0.0,0.0,2048.0,1.0,0.0,2049.0,0.0,0.0
0.513137415,3,2050.0,1.0,0.0,1024.0,1.0,0.0,2049.0,1.0,-1.0,2050.0,0.0,0.0
0.5131895470000001,1,1024.0,1.0,0.0,2048.0,0.0,0.0,2048.0,1.0,0.0,2049.0,0.0,0.0
0.529155783,3,2050.0,1.0,0.0,1024.0,1.0,0.0,2049.0,0.0,-3.0,2050.0,0.0,0.0
0.5292066000000001,1,1024.0,1.0,0.0,2048.0,0.0,0.0,2048.0,1.0,0.0,2049.0,0.0,0.0
0.544976298,3,2050.0,1.0,0.0,1024.0,1.0,0.0,2049.0,0.0,8.0,2050.0,0.0,0.0
0.54502744,1,1024.0,1.0,0.0,2048.0,0.0,0.0,2048.0,1.0,0.0,2049.0,0.0,0.0
0.561018601,3,2050.0,1.0,0.0,1024.0,1.0,0.0,2049.0,1.0,2.0,2050.0,0.0,0.0
0.561068907,1,1024.0,1.0,0.0,2048.0,0.0,0.0,2048.0,1.0,0.0,2049.0,0.0,0.0
0.577029486,3,2050.0,1.0,0.0,1024.0,1.0,0.0,2049.0,0.0,3.0,2050.0,0.0,0.0
0.5770824960000001,1,1024.0,1.0,0.0,2048.0,0.0,0.0,2048.0,1.0,0.0,2049.0,0.0,0.0
0.5932377200000001,3,2050.0,1.0,0.0,1024.0,1.0,0.0,2049.0,0.0,2.0,2050.0,0.0,0.0
0.593305544,1,1024.0,1.0,0.0,2048.0,0.0,0.0,2048.0,1.0,0.0,2049.0,0.0,0.0
0.609282073,3,2050.0,1.0,0.0,1024.0,1.0,0.0,2049.0,0.0,2.0,2050.0,0.0,0.0
0.6093474,1,1024.0,1.0,0.0,2048.0,0.0,0.0,2048.0,1.0,0.0,2049.0,0.0,0.0
0.625159915,3,2050.0,1.0,0.0,1024.0,1.0,0.0,2049.0,0.0,3.0,2050.0,0.0,0.0
0.6252266270000001,1,1024.0,1.0,0.0,2048.0,0.0,0.0,2048.0,1.0,0.0,2049.0,0.0,0.0
0.641223624,3,2050.0,1.0,0.0,1024.0,1.0,0.0,2049.0,0.0,2.0,2050.0,0.0,0.0
0.641280979,1,1024.0,1.0,0.0,2048.0,0.0,0.0,2048.0,1.0,0.0,2049.0,0.0,0.0
0.6585924390000001,3,2050.0,1.0,0.0,1024.0,1.0,0.0,2049.0,1.0,14.0,2050.0,0.0,0.0
0.6586573400000001,1,1024.0,1.0,0.0,2048.0,0.0,0.0,2048.0,1.0,0.0,2049.0,0.0,0.0
0.6731891760000001,3,2050.0,1.0,0.0,1024.0,1.0,0.0,2049.0,1.0,5.0,2050.0,0.0,0.0
0.673248736,1,1024.0,1.0,0.0,2048.0,0.0,0.0,2048.0,1.0,0.0,2049.0,0.0,0.0
0.6891806460000001,3,2050.0,1.0,0.0,1024.0,1.0,0.0,2049.0,0.0,4.0,2050.0,0.0,0.0
0.6892370320000001,1,1024.0,1.0,0.0,2048.0,0.0,0.0,2048.0,1.0,0.0,2049.0,0.0,0.0
0.705291615,3,2050.0,1.0,0.0,1024.0,1.0,0.0,2049.0,0.0,-10.0,2050.0,0.0,0.0
0.7053684610000001,1,1024.0,1.0,0.0,2048.0,0.0,0.0,2048.0,1.0,0.0,2049.0,0.0,0.0
0.721135544,3,2050.0,1.0,0.0,1024.0,1.0,0.0,2050.0,1.0,-10.0,2050.0,0.0,0.0
0.721205812,1,1024.0,1.0,0.0,2048.0,0.0,0.0,2048.0,1.0,0.0,2049.0,0.0,0.0
0.736980906,3,2050.0,1.0,0.0,1024.0,1.0,0.0,2050.0,2.0,-13.0,2050.0,0.0,0.0
0.7370359780000001,1,1024.0,1.0,0.0,2048.0,0.0,0.0,2048.0,1.0,0.0,2049.0,0.0,0.0
0.753092783,3,2050.0,1.0,0.0,1024.0,1.0,0.0,2049.0,1.0,-4.0,2050.0,0.0,0.0
0.753148205,1,1024.0,1.0,0.0,2048.0,0.0,0.0,2048.0,1.0,0.0,2049.0,0.0,0.0
0.7690370910000001,3,2050.0,1.0,0.0,1024.0,1.0,0.0,2050.0,1.0,-7.0,2050.0,0.0,0.0
0.7690910040000001,1,1024.0,1.0,0.0,2048.0,0.0,0.0,2048.0,1.0,0.0,2049.0,0.0,0.0
0.785027103,3,2050.0,1.0,0.0,1024.0,1.0,0.0,2050.0,1.0,-13.0,2050.0,0.0,0.0
0.785084124,1,1024.0,1.0,0.0,2048.0,0.0,0.0,2048.0,1.0,0.0,2049.0,0.0,0.0
0.801022283,3,2050.0,1.0,0.0,1024.0,1.0,0.0,2050.0,1.0,-13.0,2050.0,0.0,0.0
0.8010798,1,1024.0,1.0,0.0,2048.0,0.0,0.0,2048.0,1.0,0.0,2049.0,0.0,0.0
0.8169940450000001,3,2050.0,1.0,0.0,1024.0,1.0,0.0,2050.0,1.0,-8.0,2050.0,0.0,0.0
0.817093566,1,1024.0,1.0,0.0,2048.0,0.0,0.0,2048.0,1.0,0.0,2049.0,0.0,0.0
0.8330462470000001,3,2050.0,1.0,0.0,1024.0,1.0,0.0,2050.0,0.0,-13.0,2050.0,0.0,0.0
0.83310269,1,1024.0,1.0,0.0,2048.0,0.0,0.0,2048.0,1.0,0.0,2049.0,0.0,0.0
0.84912821,3,2050.0,1.0,0.0,1024.0,1.0,0.0,2050.0,0.0,-13.0,2050.0,0.0,0.0
0.849179216,1,1024.0,1.0,0.0,2048.0,0.0,0.0,2048.0,1.0,0.0,2049.0,0.0,0.0
0.8651570350000001,3,2050.0,0.0,-2.0,1024.0,1.0,0.0,2050.0,1.0,-7.0,2050.0,0.0,0.0
0.8652066620000001,1,1024.0,1.0,0.0,2048.0,0.0,0.0,2048.0,1.0,0.0,2049.0,0.0,0.0
0.8813462780000001,3,2050.0,0.0,0.0,1024.0,1.0,0.0,2050.0,0.0,-8.0,2050.0,0.0,0.0
0.8814037090000001,1,1024.0,1.0,0.0,2048.0,0.0,0.0,2048.0,1.0,0.0,2049.0,0.0,0.0
0.8972505890000001,3,2050.0,1.0,0.0,1024.0,1.0,0.0,2050.0,0.0,-6.0,2050.0,0.0,0.0
0.8973035380000001,1,1024.0,1.0,0.0,2048.0,0.0,0.0,2048.0,1.0,0.0,2049.0,0.0,0.0
0.9135315340000001,3,2050.0,1.0,0.0,1024.0,1.0,0.0,2050.0,1.0,-6.0,2050.0,0.0,0.0
0.9135934090000001,1,1024.0,1.0,0.0,2048.0,0.0,0.0,2048.0,1.0,0.0,2049.0,0.0,0.0
0.9292495590000001,3,2050.0,1.0,0.0,1024.0,1.0,0.0,2050.0,1.0,-7.0,2050.0,0.0,0.0
0.9293028600000001,1,1024.0,1.0,0.0,2048.0,0.0,0.0,2048.0,1.0,0.0,2049.0,0.0,0.0
0.9452454910000001,3,2050.0,1.0,0.0,1024.0,1.0,0.0,2050.0,1.0,-11.0,2050.0,0.0,0.0
0.945298991,1,1024.0,1.0,0.0,2048.0,0.0,0.0,2048.0,1.0,0.0,2049.0,0.0,0.0
0.9611828630000001,3,2050.0,1.0,0.0,1024.0,1.0,0.0,2050.0,1.0,-6.0,2050.0,0.0,0.0
0.9612351370000001,1,1024.0,1.0,0.0,2048.0,0.0,0.0,2048.0,1.0,0.0,2049.0,0.0,0.0
0.9772026800000001,3,2050.0,1.0,0.0,1024.0,1.0,0.0,2050.0,1.0,-9.0,2050.0,0.0,0.0
0.977254559,1,1024.0,1.0,0.0,2048.0,0.0,0.0,2048.0,1.0,0.0,2049.0,0.0,0.0
0.993173229,3,2050.0,1.0,0.0,1024.0,1.0,0.0,2050.0,1.0,-9.0,2050.0,0.0,0.0
0.9932257820000001,1,1024.0,1.0,0.0,2048.0,0.0,0.0,2048.0,1.0,0.0,2049.0,0.0,0.0
1.0091658620000001,3,2050.0,1.0,0.0,1024.0,1.0,0.0,2050.0,1.0,-6.0,2050.0,0.0,0.0
1.009215871,1,1024.0,1.0,0.0,2048.0,0.0,0.0,2048.0,1.0,0.0,2049.0,0.0,0.0
1.025024771,3,2050.0,1.0,0.0,1024.0,1.0,0.0,2050.0,1.0,-12.0,2050.0,0.0,0.0
1.0250913400000001,1,1024.0,1.0,0.0,2048.0,0.0,0.0,2048.0,1.0,0.0,2049.0,0.0,0.0
1.041092009,3,2050.0,1.0,0.0,1024.0,1.0,0.0,2050.0,1.0,-12.0,2050.0,0.0,0.0
1.041139274,1,1024.0,1.0,0.0,2048.0,0.0,0.0,2048.0,1.0,0.0,2049.0,0.0,0.0
1.058079626,3,2050.0,1.0,0.0,1024.0,1.0,0.0,2050.0,1.0,-8.0,2050.0,0.0,0.0
1.058130379,1,1024.0,1.0,0.0,2048.0,0.0,0.0,2048.0,1.0,0.0,2049.0,0.0,0.0
1.073105761,3,2050.0,1.0,0.0,1024.0,1.0,0.0,2050.0,0.0,-11.0,2050.0,0.0,0.0
1.0731566190000001,1,1024.0,1.0,0.0,2048.0,0.0,0.0,2048.0,1.0,0.0,2049.0,0.0,0.0
1.089105024,3,2050.0,1.0,0.0,1024.0,1.0,0.0,2050.0,0.0,-6.0,2050.0,0.0,0.0
1.089152455,1,1024.0,1.0,0.0,2048.0,0.0,0.0,2048.0,1.0,0.0,2049.0,0.0,0.0
1.1050598680000001,3,2050.0,1.0,0.0,1024.0,1.0,0.0,2050.0,1.0,-9.0,2050.0,0.0,0.0
1.105124672,1,1024.0,1.0,0.0,2048.0,0.0,0.0,2048.0,1.0,0.0,2049.0,0.0,0.0
1.1211984860000002,3,2050.0,1.0,0.0,1024.0,1.0,0.0,2050.0,1.0,-11.0,2050.0,0.0,0.0
1.121251835,1,1024.0,1.0,0.0,2048.0,0.0,0.0,2048.0,1.0,0.0,2049.0,0.0,0.0
1.1370120300000002,3,2050.0,1.0,0.0,1024.0,1.0,0.0,2050.0,1.0,-13.0,2050.0,0.0,0.0
1.1371103630000001,1,1024.0,1.0,0.0,2048.0,0.0,0.0,2048.0,1.0,0.0,2049.0,0.0,0.0
1.153171933,3,2050.0,1.0,0.0,1024.0,1.0,0.0,2050.0,1.0,-6.0,2050.0,0.0,0.0
1.153279318,1,1024.0,1.0,0.0,2048.0,0.0,0.0,2048.0,1.0,0.0,2049.0,0.0,0.0
1.169081137,1,1024.0,1.0,0.0,2048.0,0.0,0.0,2048.0,1.0,0.0,2049.0,0.0,0.0
1.1692278090000001,3,2050.0,1.0,0.0,1024.0,1.0,0.0,2050.0,1.0,-12.0,2050.0,0.0,0.0
1.185129995,3,2050.0,1.0,0.0,1024.0,1.0,0.0,2050.0,1.0,-9.0,2050.0,0.0,0.0
1.185189655,1,1024.0,1.0,0.0,2048.0,0.0,0.0,2048.0,1.0,0.0,2049.0,0.0,0.0
1.2011474850000001,3,2050.0,1.0,0.0,1024.0,1.0,0.0,2050.0,0.0,-7.0,2050.0,0.0,0.0
1.201201195,1,1024.0,1.0,0.0,2048.0,0.0,0.0,2048.0,1.0,0.0,2049.0,0.0,0.0
1.216911279,3,2050.0,1.0,0.0,1024.0,1.0,0.0,2050.0,0.0,-10.0,2050.0,0.0,0.0
1.216974452,1,1024.0,1.0,0.0,2048.0,0.0,0.0,2048.0,1.0,0.0,2049.0,0.0,0.0
1.233176096,3,2050.0,1.0,0.0,1024.0,1.0,0.0,2050.0,1.0,-9.0,2050.0,0.0,0.0
1.233250025,1,1024.0,1.0,0.0,2048.0,0.0,0.0,2048.0,1.0,0.0,2049.0,0.0,0.0
1.2491675210000002,3,2050.0,1.0,0.0,1024.0,1.0,0.0,2050.0,1.0,-6.0,2050.0,0.0,0.0
1.249220333,1,1024.0,1.0,0.0,2048.0,0.0,0.0,2048.0,1.0,0.0,2049.0,0.0,0.0
1.265045326,3,2050.0,1.0,0.0,1024.0,1.0,0.0,2050.0,1.0,-11.0,2050.0,0.0,0.0
1.2651029690000002,1,1024.0,1.0,0.0,2048.0,0.0,0.0,2048.0,1.0,0.0,2049.0,0.0,0.0
1.28100754,3,2050.0,1.0,0.0,1024.0,1.0,0.0,2050.0,1.0,-10.0,2050.0,0.0,0.0
1.281063454,1,1024.0,1.0,0.0,2048.0,0.0,0.0,2048.0,1.0,0.0,2049.0,0.0,0.0
1.296959503,1,1024.0,1.0,0.0,2048.0,0.0,0.0,2048.0,1.0,0.0,2049.0,0.0,0.0
1.297059089,3,2050.0,1.0,0.0,1024.0,1.0,0.0,2050.0,1.0,-11.0,2050.0,0.0,0.0
1.313056071,3,2050.0,1.0,0.0,1024.0,1.0,0.0,2050.0,1.0,-6.0,2050.0,0.0,0.0
1.3130962860000002,1,1024.0,1.0,0.0,2048.0,0.0,0.0,2048.0,1.0,0.0,2049.0,0.0,0.0
1.329024229,3,2050.0,1.0,0.0,1024.0,1.0,0.0,2050.0,1.0,-6.0,2050.0,0.0,0.0
1.329073113,1,1024.0,1.0,0.0,2048.0,0.0,0.0,2048.0,1.0,0.0,2049.0,0.0,0.0
1.344947587,3,2050.0,1.0,0.0,1024.0,1.0,0.0,2050.0,1.0,-11.0,2050.0,0.0,0.0
1.3449836800000001,1,1024.0,1.0,0.0,2048.0,0.0,0.0,2048.0,1.0,0.0,2049.0,0.0,0.0
1.361077072,3,2050.0,1.0,0.0,1024.0,1.0,0.0,2050.0,1.0,-7.0,2050.0,0.0,0.0
1.361129901,1,1024.0,1.0,0.0,2048.0,0.0,0.0,2048.0,1.0,0.0,2049.0,0.0,0.0
1.3770500730000002,3,2050.0,1.0,0.0,1024.0,1.0,0.0,2050.0,1.0,-8.0,2050.0,0.0,0.0
1.377101477,1,1024.0,1.0,0.0,2048.0,0.0,0.0,2048.0,1.0,0.0,2049.0,0.0,0.0
1.393054988,3,2050.0,1.0,0.0,1024.0,1.0,0.0,2050.0,1.0,-10.0,2050.0,0.0,0.0
1.393107018,1,1024.0,1.0,0.0,2048.0,0.0,0.0,2048.0,1.0,0.0,2049.0,0.0,0.0
1.4090817880000002,3,2050.0,1.0,0.0,1024.0,1.0,0.0,2050.0,1.0,-11.0,2050.0,0.0,0.0
1.409134743,1,1024.0,1.0,0.0,2048.0,0.0,0.0,2048.0,1.0,0.0,2049.0,0.0,0.0
1.425113273,3,2050.0,1.0,0.0,1024.0,1.0,0.0,2050.0,1.0,-13.0,2050.0,0.0,0.0
1.425166583,1,1024.0,1.0,0.0,2048.0,0.0,0.0,2048.0,1.0,0.0,2049.0,0.0,0.0
1.441090744,3,2050.0,1.0,0.0,1024.0,1.0,0.0,2050.0,1.0,-11.0,2050.0,0.0,0.0
1.441155572,1,1024.0,1.0,0.0,2048.0,0.0,0.0,2048.0,1.0,0.0,2049.0,0.0,0.0
1.457071892,3,2050.0,1.0,0.0,1024.0,1.0,0.0,2050.0,1.0,-5.0,2050.0,0.0,0.0
1.457138222,1,1024.0,1.0,0.0,2048.0,0.0,0.0,2048.0,1.0,0.0,2049.0,0.0,0.0
1.4729084730000002,3,2050.0,1.0,0.0,1024.0,1.0,0.0,2050.0,0.0,-10.0,2050.0,0.0,0.0
1.4729629750000002,1,1024.0,1.0,0.0,2048.0,0.0,0.0,2048.0,1.0,0.0,2049.0,0.0,0.0
1.488911753,3,2050.0,1.0,0.0,1024.0,1.0,0.0,2050.0,0.0,-11.0,2050.0,0.0,0.0
1.488962165,1,1024.0,1.0,0.0,2048.0,0.0,0.0,2048.0,1.0,0.0,2049.0,0.0,0.0
1.50480439,3,2050.0,1.0,0.0,1024.0,1.0,0.0,2050.0,1.0,-12.0,2050.0,0.0,0.0
1.504899239,1,1024.0,1.0,0.0,2048.0,0.0,0.0,2048.0,1.0,0.0,2049.0,0.0,0.0
1.5209487590000002,3,2050.0,1.0,0.0,1024.0,1.0,0.0,2050.0,1.0,-10.0,2050.0,0.0,0.0
1.5210433870000002,1,1024.0,1.0,0.0,2048.0,0.0,0.0,2048.0,1.0,0.0,2049.0,0.0,0.0
1.5370139690000002,3,2050.0,1.0,0.0,1024.0,1.0,0.0,2050.0,1.0,-9.0,2050.0,0.0,0.0
1.537109207,1,1024.0,1.0,0.0,2048.0,0.0,0.0,2048.0,1.0,0.0,2049.0,0.0,0.0
1.5529611170000002,3,2050.0,1.0,0.0,1024.0,1.0,0.0,2050.0,1.0,-9.0,2050.0,0.0,0.0
1.5530605020000001,1,1024.0,1.0,0.0,2048.0,0.0,0.0,2048.0,1.0,0.0,2049.0,0.0,0.0
1.5689647690000001,3,2050.0,1.0,0.0,1024.0,1.0,0.0,2050.0,1.0,-6.0,2050.0,0.0,0.0
1.569059184,1,1024.0,1.0,0.0,2048.0,0.0,0.0,2048.0,1.0,0.0,2049.0,0.0,0.0
1.584988183,3,2050.0,1.0,0.0,1024.0,1.0,0.0,2050.0,1.0,-7.0,2050.0,0.0,0.0
1.585086714,1,1024.0,1.0,0.0,2048.0,0.0,0.0,2048.0,1.0,0.0,2049.0,0.0,0.0
1.60115906,3,2050.0,1.0,0.0,1024.0,1.0,0.0,2050.0,1.0,-11.0,2050.0,0.0,0.0
1.6012586690000001,1,1024.0,1.0,0.0,2048.0,0.0,0.0,2048.0,1.0,0.0,2049.0,0.0,0.0
1.6170684590000002,3,2050.0,1.0,0.0,1024.0,1.0,0.0,2050.0,1.0,-5.0,2050.0,0.0,0.0
1.617172217,1,1024.0,1.0,0.0,2048.0,0.0,0.0,2048.0,1.0,0.0,2049.0,0.0,0.0
1.6330906260000002,3,2050.0,1.0,0.0,1024.0,1.0,0.0,2050.0,1.0,-11.0,2050.0,0.0,0.0
1.6331878860000002,1,1024.0,1.0,0.0,2048.0,0.0,0.0,2048.0,1.0,0.0,2049.0,0.0,0.0
1.6490940260000002,3,2050.0,1.0,0.0,1024.0,1.0,0.0,2050.0,1.0,-8.0,2050.0,0.0,0.0
1.649234815,1,1024.0,1.0,0.0,2048.0,0.0,0.0,2048.0,1.0,0.0,2049.0,0.0,0.0
1.665020592,3,2050.0,0.0,1.0,1024.0,1.0,0.0,2050.0,1.0,-12.0,2050.0,0.0,0.0
1.665085074,1,1024.0,1.0,0.0,2048.0,0.0,0.0,2048.0,1.0,0.0,2049.0,0.0,0.0
1.681075982,3,2050.0,0.0,0.0,1024.0,1.0,0.0,2050.0,1.0,-8.0,2050.0,0.0,0.0
1.6811264680000002,1,1024.0,1.0,0.0,2048.0,0.0,0.0,2048.0,1.0,0.0,2049.0,0.0,0.0
1.697235928,3,2050.0,1.0,0.0,1024.0,1.0,0.0,2050.0,1.0,-7.0,2050.0,0.0,0.0
1.697289107,1,1024.0,1.0,0.0,2048.0,0.0,0.0,2048.0,1.0,0.0,2049.0,0.0,0.0
1.712927303,3,2050.0,1.0,0.0,1024.0,1.0,0.0,2050.0,1.0,-9.0,2050.0,0.0,0.0
1.7129844810000001,1,1024.0,1.0,0.0,2048.0,0.0,0.0,2048.0,1.0,0.0,2049.0,0.0,0.0
1.7290908390000002,3,2050.0,1.0,0.0,1024.0,1.0,0.0,2050.0,1.0,-7.0,2050.0,0.0,0.0
1.7291446330000002,1,1024.0,1.0,0.0,2048.0,0.0,0.0,2048.0,1.0,0.0,2049.0,0.0,0.0
1.7451438600000002,3,2050.0,1.0,0.0,1024.0,1.0,0.0,2050.0,1.0,-7.0,2050.0,0.0,0.0
1.745196648,1,1024.0,1.0,0.0,2048.0,0.0,0.0,2048.0,1.0,0.0,2049.0,0.0,0.0
1.7610262280000002,3,2050.0,1.0,0.0,1024.0,1.0,0.0,2050.0,1.0,-11.0,2050.0,0.0,0.0
1.761078189,1,1024.0,1.0,0.0,2048.0,0.0,0.0,2048.0,1.0,0.0,2049.0,0.0,0.0
1.776867688,3,2050.0,1.0,0.0,1024.0,1.0,0.0,2050.0,1.0,-10.0,2050.0,0.0,0.0
1.7769196420000002,1,1024.0,1.0,0.0,2048.0,0.0,0.0,2048.0,1.0,0.0,2049.0,0.0,0.0
1.7930407140000002,3,2050.0,1.0,0.0,1024.0,1.0,0.0,2050.0,1.0,-8.0,2050.0,0.0,0.0
1.793094272,1,1024.0,1.0,0.0,2048.0,0.0,0.0,2048.0,1.0,0.0,2049.0,0.0,0.0
1.8090067150000002,3,2050.0,1.0,0.0,1024.0,1.0,0.0,2050.0,1.0,-12.0,2050.0,0.0,0.0
1.8090664810000001,1,1024.0,1.0,0.0,2048.0,0.0,0.0,2048.0,1.0,0.0,2049.0,0.0,0.0
1.825052351,3,2050.0,1.0,0.0,1024.0,1.0,0.0,2050.0,1.0,-6.0,2050.0,0.0,0.0
1.8251071440000002,1,1024.0,1.0,0.0,2048.0,0.0,0.0,2048.0,1.0,0.0,2049.0,0.0,0.0
1.8409904730000002,3,2050.0,1.0,0.0,1024.0,1.0,0.0,2050.0,1.0,-9.0,2050.0,0.0,0.0
1.8410411770000001,1,1024.0,1.0,0.0,2048.0,0.0,0.0,2048.0,1.0,0.0,2049.0,0.0,0.0
1.8569778270000001,3,2050.0,1.0,0.0,1024.0,1.0,0.0,2050.0,1.0,-5.0,2050.0,0.0,0.0
1.857074141,1,1024.0,1.0,0.0,2048.0,0.0,0.0,2048.0,1.0,0.0,2049.0,0.0,0.0
1.8729247640000002,3,2050.0,1.0,0.0,1024.0,1.0,0.0,2050.0,1.0,-7.0,2050.0,0.0,0.0
1.872996842,1,1024.0,1.0,0.0,2048.0,0.0,0.0,2048.0,1.0,0.0,2049.0,0.0,0.0
1.8890438630000002,3,2050.0,1.0,0.0,1024.0,1.0,0.0,2050.0,1.0,-6.0,2050.0,0.0,0.0
1.8891017890000001,1,1024.0,1.0,0.0,2048.0,0.0,0.0,2048.0,1.0,0.0,2049.0,0.0,0.0
1.904990549,3,2050.0,1.0,0.0,1024.0,1.0,0.0,2050.0,1.0,-9.0,2050.0,0.0,0.0
1.905114489,1,1024.0,1.0,0.0,2048.0,0.0,0.0,2048.0,1.0,0.0,2049.0,0.0,0.0
1.9210004280000001,3,2050.0,1.0,0.0,1024.0,1.0,0.0,2050.0,1.0,-9.0,2050.0,0.0,0.0
1.921104297,1,1024.0,1.0,0.0,2048.0,0.0,0.0,2048.0,1.0,0.0,2049.0,0.0,0.0
1.9369255840000001,3,2050.0,1.0,0.0,1024.0,1.0,0.0,2050.0,1.0,-9.0,2050.0,0.0,0.0
1.937031288,1,1024.0,1.0,0.0,2048.0,0.0,0.0,2048.0,1.0,0.0,2049.0,0.0,0.0
1.952901857,3,2050.0,1.0,0.0,1024.0,1.0,0.0,2050.0,1.0,-5.0,2050.0,0.0,0.0
1.953009817,1,1024.0,1.0,0.0,2048.0,0.0,0.0,2048.0,1.0,0.0,2049.0,0.0,0.0
1.9688361600000002,3,2050.0,1.0,0.0,1024.0,1.0,0.0,2050.0,1.0,-5.0,2050.0,0.0,0.0
1.9689513930000002,1,1024.0,1.0,0.0,2048.0,0.0,0.0,2048.0,1.0,0.0,2049.0,0.0,0.0
1.9848977650000001,3,2050.0,1.0,0.0,1024.0,1.0,0.0,2050.0,1.0,-5.0,2050.0,0.0,0.0
1.9850096990000001,1,1024.0,1.0,0.0,2048.0,0.0,0.0,2048.0,1.0,0.0,2049.0,0.0,0.0
2.0010557860000002,3,2050.0,1.0,0.0,1024.0,1.0,0.0,2050.0,1.0,-6.0,2050.0,0.0,0.0
2.001168899,1,1024.0,1.0,0.0,2048.0,0.0,0.0,2048.0,1.0,0.0,2049.0,0.0,0.0
2.016923012,3,2050.0,1.0,0.0,1024.0,1.0,0.0,2050.0,1.0,-12.0,2050.0,0.0,0.0
2.0170337920000003,1,1024.0,1.0,0.0,2048.0,0.0,0.0,2048.0,1.0,0.0,2049.0,0.0,0.0
2.033120979,3,2050.0,1.0,0.0,1024.0,1.0,0.0,2050.0,1.0,-6.0,2050.0,0.0,0.0
2.033261016,1,1024.0,1.0,0.0,2048.0,0.0,0.0,2048.0,1.0,0.0,2049.0,0.0,0.0
2.049006395,3,2050.0,1.0,0.0,1024.0,1.0,0.0,2050.0,1.0,-6.0,2050.0,0.0,0.0
2.049125273,1,1024.0,1.0,0.0,2048.0,0.0,0.0,2048.0,1.0,0.0,2049.0,0.0,0.0
2.0649361600000002,3,2050.0,1.0,0.0,1024.0,1.0,0.0,2050.0,1.0,-8.0,2050.0,0.0,0.0
2.06504863,1,1024.0,1.0,0.0,2048.0,0.0,0.0,2048.0,1.0,0.0,2049.0,0.0,0.0
2.081040279,3,2050.0,1.0,0.0,1024.0,1.0,0.0,2050.0,1.0,-5.0,2050.0,0.0,0.0
2.081150793,1,1024.0,1.0,0.0,2048.0,0.0,0.0,2048.0,1.0,0.0,2049.0,0.0,0.0
2.096957276,3,2050.0,1.0,0.0,1024.0,1.0,0.0,2050.0,1.0,-8.0,2050.0,0.0,0.0
2.09706617,1,1024.0,1.0,0.0,2048.0,0.0,0.0,2048.0,1.0,0.0,2049.0,0.0,0.0
2.112845173,3,2050.0,1.0,0.0,1024.0,1.0,0.0,2050.0,1.0,-8.0,2050.0,0.0,0.0
2.112969933,1,1024.0,1.0,0.0,2048.0,0.0,0.0,2048.0,1.0,0.0,2049.0,0.0,0.0
2.129048505,3,2050.0,1.0,0.0,1024.0,1.0,0.0,2050.0,1.0,-12.0,2050.0,0.0,0.0
2.129160407,1,1024.0,1.0,0.0,2048.0,0.0,0.0,2048.0,1.0,0.0,2049.0,0.0,0.0
2.145047025,3,2050.0,1.0,0.0,1024.0,1.0,0.0,2050.0,1.0,-11.0,2050.0,0.0,0.0
2.14515708,1,1024.0,1.0,0.0,2048.0,0.0,0.0,2048.0,1.0,0.0,2049.0,0.0,0.0
2.1610831,3,2050.0,1.0,0.0,1024.0,1.0,0.0,2050.0,1.0,-6.0,2050.0,0.0,0.0
2.1611916900000003,1,1024.0,1.0,0.0,2048.0,0.0,0.0,2048.0,1.0,0.0,2049.0,0.0,0.0
2.1769674240000003,3,2050.0,1.0,0.0,1024.0,1.0,0.0,2050.0,1.0,-5.0,2050.0,0.0,0.0
2.177076264,1,1024.0,1.0,0.0,2048.0,0.0,0.0,2048.0,1.0,0.0,2049.0,0.0,0.0
2.1930055410000002,3,2050.0,1.0,0.0,1024.0,1.0,0.0,2050.0,1.0,-9.0,2050.0,0.0,0.0
2.193117462,1,1024.0,1.0,0.0,2048.0,0.0,0.0,2048.0,1.0,0.0,2049.0,0.0,0.0
2.208827125,3,2050.0,1.0,0.0,1024.0,1.0,0.0,2050.0,1.0,-10.0,2050.0,0.0,0.0
2.2089363850000003,1,1024.0,1.0,0.0,2048.0,0.0,0.0,2048.0,1.0,0.0,2049.0,0.0,0.0
2.224943493,3,2050.0,1.0,0.0,1024.0,1.0,0.0,2050.0,1.0,-6.0,2050.0,0.0,0.0
2.2250545020000003,1,1024.0,1.0,0.0,2048.0,0.0,0.0,2048.0,1.0,0.0,2049.0,0.0,0.0
2.2410843270000003,3,2050.0,1.0,0.0,1024.0,1.0,0.0,2050.0,1.0,-9.0,2050.0,0.0,0.0
2.241195861,1,1024.0,1.0,0.0,2048.0,0.0,0.0,2048.0,1.0,0.0,2049.0,0.0,0.0
2.257029776,3,2050.0,1.0,0.0,1024.0,1.0,0.0,2050.0,1.0,-10.0,2050.0,0.0,0.0
2.2571416500000003,1,1024.0,1.0,0.0,2048.0,0.0,0.0,2048.0,1.0,0.0,2049.0,0.0,0.0
2.2728702760000004,3,2050.0,1.0,0.0,1024.0,1.0,0.0,2050.0,1.0,-6.0,2050.0,0.0,0.0
2.2729821980000002,1,1024.0,1.0,0.0,2048.0,0.0,0.0,2048.0,1.0,0.0,2049.0,0.0,0.0
2.2888953890000003,3,2050.0,1.0,0.0,1024.0,1.0,0.0,2050.0,1.0,-9.0,2050.0,0.0,0.0
2.289006771,1,1024.0,1.0,0.0,2048.0,0.0,0.0,2048.0,1.0,0.0,2049.0,0.0,0.0
2.3048727600000003,3,2050.0,1.0,0.0,1024.0,1.0,0.0,2050.0,1.0,-6.0,2050.0,0.0,0.0
2.3049976940000003,1,1024.0,1.0,0.0,2048.0,0.0,0.0,2048.0,1.0,0.0,2049.0,0.0,0.0
2.3208481020000002,3,2050.0,1.0,0.0,1024.0,1.0,0.0,2050.0,1.0,-6.0,2050.0,0.0,0.0
2.320958853,1,1024.0,1.0,0.0,2048.0,0.0,0.0,2048.0,1.0,0.0,2049.0,0.0,0.0
2.336864974,3,2050.0,1.0,0.0,1024.0,1.0,0.0,2050.0,1.0,-6.0,2050.0,0.0,0.0
2.3369744640000003,1,1024.0,1.0,0.0,2048.0,0.0,0.0,2048.0,1.0,0.0,2049.0,0.0,0.0
2.353084591,3,2050.0,1.0,0.0,1024.0,1.0,0.0,2050.0,1.0,-6.0,2050.0,0.0,0.0
2.353195232,1,1024.0,1.0,0.0,2048.0,0.0,0.0,2048.0,1.0,0.0,2049.0,0.0,0.0
2.368951236,3,2050.0,1.0,0.0,1024.0,1.0,0.0,2050.0,1.0,-12.0,2050.0,0.0,0.0
2.369065221,1,1024.0,1.0,0.0,2048.0,0.0,0.0,2048.0,1.0,0.0,2049.0,0.0,0.0
2.3848932130000002,3,2050.0,1.0,0.0,1024.0,1.0,0.0,2050.0,1.0,-6.0,2050.0,0.0,0.0
2.3850066340000002,1,1024.0,1.0,0.0,2048.0,0.0,0.0,2048.0,1.0,0.0,2049.0,0.0,0.0
2.400758933,3,2050.0,1.0,0.0,1024.0,1.0,0.0,2050.0,1.0,-11.0,2050.0,0.0,0.0
2.4008716000000003,1,1024.0,1.0,0.0,2048.0,0.0,0.0,2048.0,1.0,0.0,2049.0,0.0,0.0
2.4169203780000004,3,2050.0,1.0,0.0,1024.0,1.0,0.0,2050.0,1.0,-10.0,2050.0,0.0,0.0
2.4170577200000003,1,1024.0,1.0,0.0,2048.0,0.0,0.0,2048.0,1.0,0.0,2049.0,0.0,0.0
2.43292501,3,2050.0,1.0,0.0,1024.0,1.0,0.0,2050.0,1.0,-6.0,2050.0,0.0,0.0
2.433034412,1,1024.0,1.0,0.0,2048.0,0.0,0.0,2048.0,1.0,0.0,2049.0,0.0,0.0
2.448931102,3,2050.0,1.0,0.0,1024.0,1.0,0.0,2050.0,1.0,-10.0,2050.0,0.0,0.0
2.4490401790000003,1,1024.0,1.0,0.0,2048.0,0.0,0.0,2048.0,1.0,0.0,2049.0,0.0,0.0
2.464931141,3,2050.0,1.0,0.0,1024.0,1.0,0.0,2050.0,1.0,-7.0,2050.0,0.0,0.0
2.465043259,1,1024.0,1.0,0.0,2048.0,0.0,0.0,2048.0,1.0,0.0,2049.0,0.0,0.0
2.48092491,3,2050.0,1.0,0.0,1024.0,1.0,0.0,2050.0,1.0,-5.0,2050.0,0.0,0.0
2.4810698920000003,1,1024.0,1.0,0.0,2048.0,0.0,0.0,2048.0,1.0,0.0,2049.0,0.0,0.0
2.496890446,3,2050.0,1.0,0.0,1024.0,1.0,0.0,2050.0,1.0,-12.0,2050.0,0.0,0.0
2.497004177,1,1024.0,1.0,0.0,2048.0,0.0,0.0,2048.0,1.0,0.0,2049.0,0.0,0.0
2.512843212,3,2050.0,1.0,0.0,1024.0,1.0,0.0,2050.0,1.0,-10.0,2050.0,0.0,0.0
2.5129551770000003,1,1024.0,1.0,0.0,2048.0,0.0,0.0,2048.0,1.0,0.0,2049.0,0.0,0.0
2.528801005,3,2050.0,1.0,0.0,1024.0,1.0,0.0,2050.0,1.0,-13.0,2050.0,0.0,0.0
2.52891171,1,1024.0,1.0,0.0,2048.0,0.0,0.0,2048.0,1.0,0.0,2049.0,0.0,0.0
2.544817392,3,2050.0,1.0,0.0,1024.0,1.0,0.0,2050.0,1.0,-11.0,2050.0,0.0,0.0
2.5449263060000002,1,1024.0,1.0,0.0,2048.0,0.0,0.0,2048.0,1.0,0.0,2049.0,0.0,0.0
2.560900299,3,2050.0,1.0,0.0,1024.0,1.0,0.0,2050.0,1.0,-11.0,2050.0,0.0,0.0
2.561011418,1,1024.0,1.0,0.0,2048.0,0.0,0.0,2048.0,1.0,0.0,2049.0,0.0,0.0
2.576804522,3,2050.0,1.0,0.0,1024.0,1.0,0.0,2050.0,1.0,-13.0,2050.0,0.0,0.0
2.5769155120000002,1,1024.0,1.0,0.0,2048.0,0.0,0.0,2048.0,1.0,0.0,2049.0,0.0,0.0
2.592838918,3,2050.0,1.0,0.0,1024.0,1.0,0.0,2050.0,1.0,-10.0,2050.0,0.0,0.0
2.592947895,1,1024.0,1.0,0.0,2048.0,0.0,0.0,2048.0,1.0,0.0,2049.0,0.0,0.0
2.608873566,3,2050.0,1.0,0.0,1024.0,1.0,0.0,2050.0,1.0,-5.0,2050.0,0.0,0.0
2.6089853780000003,1,1024.0,1.0,0.0,2048.0,0.0,0.0,2048.0,1.0,0.0,2049.0,0.0,0.0
2.6248365110000003,3,2050.0,1.0,0.0,1024.0,1.0,0.0,2050.0,1.0,-7.0,2050.0,0.0,0.0
2.6249467120000003,1,1024.0,1.0,0.0,2048.0,0.0,0.0,2048.0,1.0,0.0,2049.0,0.0,0.0
2.640902503,3,2050.0,1.0,0.0,1024.0,1.0,0.0,2050.0,1.0,-9.0,2050.0,0.0,0.0
2.641012972,1,1024.0,1.0,0.0,2048.0,0.0,0.0,2048.0,1.0,0.0,2049.0,0.0,0.0
2.6568782420000003,3,2050.0,1.0,0.0,1024.0,1.0,0.0,2050.0,1.0,-7.0,2050.0,0.0,0.0
2.6569878570000003,1,1024.0,1.0,0.0,2048.0,0.0,0.0,2048.0,1.0,0.0,2049.0,0.0,0.0
2.67288094,3,2050.0,1.0,0.0,1024.0,1.0,0.0,2050.0,1.0,-5.0,2050.0,0.0,0.0
2.6729444200000003,1,1024.0,1.0,0.0,2048.0,0.0,0.0,2048.0,1.0,0.0,2049.0,0.0,0.0
2.6888417810000003,3,2050.0,1.0,0.0,1024.0,1.0,0.0,2050.0,1.0,-9.0,2050.0,0.0,0.0
2.6888930070000003,1,1024.0,1.0,0.0,2048.0,0.0,0.0,2048.0,1.0,0.0,2049.0,0.0,0.0
2.704815501,3,2050.0,1.0,0.0,1024.0,1.0,0.0,2050.0,1.0,-10.0,2050.0,0.0,0.0
2.704868512,1,1024.0,1.0,0.0,2048.0,0.0,0.0,2048.0,1.0,0.0,2049.0,0.0,0.0
2.720820749,3,2050.0,1.0,0.0,1024.0,1.0,0.0,2050.0,1.0,-13.0,2050.0,0.0,0.0
2.720882463,1,1024.0,1.0,0.0,2048.0,0.0,0.0,2048.0,1.0,0.0,2049.0,0.0,0.0
2.7368218890000002,3,2050.0,1.0,0.0,1024.0,1.0,0.0,2050.0,1.0,-7.0,2050.0,0.0,0.0
2.7368742210000003,1,1024.0,1.0,0.0,2048.0,0.0,0.0,2048.0,1.0,0.0,2049.0,0.0,0.0
2.752759188,3,2050.0,1.0,0.0,1024.0,1.0,0.0,2050.0,1.0,-12.0,2050.0,0.0,0.0
2.752813075,1,1024.0,1.0,0.0,2048.0,0.0,0.0,2048.0,1.0,0.0,2049.0,0.0,0.0
2.768813901,3,2050.0,1.0,0.0,1024.0,1.0,0.0,2050.0,1.0,-10.0,2050.0,0.0,0.0
2.768866332,1,1024.0,1.0,0.0,2048.0,0.0,0.0,2048.0,1.0,0.0,2049.0,0.0,0.0
2.7847761610000004,3,2050.0,1.0,0.0,1024.0,1.0,0.0,2050.0,1.0,-12.0,2050.0,0.0,0.0
2.78482959,1,1024.0,1.0,0.0,2048.0,0.0,0.0,2048.0,1.0,0.0,2049.0,0.0,0.0
2.8009053280000002,3,2050.0,1.0,0.0,1024.0,1.0,0.0,2050.0,1.0,-9.0,2050.0,0.0,0.0
2.800956879,1,1024.0,1.0,0.0,2048.0,0.0,0.0,2048.0,1.0,0.0,2049.0,0.0,0.0
2.8167508320000003,3,2050.0,1.0,0.0,1024.0,1.0,0.0,2050.0,1.0,-6.0,2050.0,0.0,0.0
2.8168021700000003,1,1024.0,1.0,0.0,2048.0,0.0,0.0,2048.0,1.0,0.0,2049.0,0.0,0.0
2.832985765,3,2050.0,1.0,0.0,1024.0,1.0,0.0,2050.0,1.0,-8.0,2050.0,0.0,0.0
2.833036512,1,1024.0,1.0,0.0,2048.0,0.0,0.0,2048.0,1.0,0.0,2049.0,0.0,0.0
2.84884358,3,2050.0,1.0,0.0,1024.0,1.0,0.0,2050.0,1.0,-9.0,2050.0,0.0,0.0
2.848907393,1,1024.0,1.0,0.0,2048.0,0.0,0.0,2048.0,1.0,0.0,2049.0,0.0,0.0
2.864876584,3,2050.0,1.0,0.0,1024.0,1.0,0.0,2050.0,1.0,-7.0,2050.0,0.0,0.0
2.864956034,1,1024.0,1.0,0.0,2048.0,0.0,0.0,2048.0,1.0,0.0,2049.0,0.0,0.0
2.880887119,3,2050.0,1.0,0.0,1024.0,1.0,0.0,2050.0,1.0,-12.0,2050.0,0.0,0.0
2.880938408,1,1024.0,1.0,0.0,2048.0,0.0,0.0,2048.0,1.0,0.0,2049.0,0.0,0.0
2.8967884500000003,3,2050.0,1.0,0.0,1024.0,1.0,0.0,2050.0,1.0,-8.0,2050.0,0.0,0.0
2.8968395030000003,1,1024.0,1.0,0.0,2048.0,0.0,0.0,2048.0,1.0,0.0,2049.0,0.0,0.0
2.912785404,3,2050.0,1.0,0.0,1024.0,1.0,0.0,2050.0,1.0,-6.0,2050.0,0.0,0.0
2.912836506,1,1024.0,1.0,0.0,2048.0,0.0,0.0,2048.0,1.0,0.0,2049.0,0.0,0.0
2.9288184360000002,3,2050.0,1.0,0.0,1024.0,1.0,0.0,2050.0,1.0,-9.0,2050.0,0.0,0.0
2.928870329,1,1024.0,1.0,0.0,2048.0,0.0,0.0,2048.0,1.0,0.0,2049.0,0.0,0.0
2.944772545,3,2050.0,1.0,0.0,1024.0,1.0,0.0,2050.0,1.0,-9.0,2050.0,0.0,0.0
2.9448235630000004,1,1024.0,1.0,0.0,2048.0,0.0,0.0,2048.0,1.0,0.0,2049.0,0.0,0.0
2.960731253,3,2050.0,1.0,0.0,1024.0,1.0,0.0,2050.0,1.0,-8.0,2050.0,0.0,0.0
2.960784433,1,1024.0,1.0,0.0,2048.0,0.0,0.0,2048.0,1.0,0.0,2049.0,0.0,0.0
2.9767741780000003,3,2050.0,1.0,0.0,1024.0,1.0,0.0,2050.0,1.0,-6.0,2050.0,0.0,0.0
2.9768254290000002,1,1024.0,1.0,0.0,2048.0,0.0,0.0,2048.0,1.0,0.0,2049.0,0.0,0.0
2.9928390840000003,3,2050.0,1.0,0.0,1024.0,1.0,0.0,2050.0,1.0,-11.0,2050.0,0.0,0.0
2.9928906900000003,1,1024.0,1.0,0.0,2048.0,0.0,0.0,2048.0,1.0,0.0,2049.0,0.0,0.0
3.0087809,3,2050.0,1.0,0.0,1024.0,1.0,0.0,2050.0,1.0,-9.0,2050.0,0.0,0.0
3.0088309150000003,1,1024.0,1.0,0.0,2048.0,0.0,0.0,2048.0,1.0,0.0,2049.0,0.0,0.0
3.0247880950000003,3,2050.0,1.0,0.0,1024.0,1.0,0.0,2050.0,1.0,-8.0,2050.0,0.0,0.0
3.0248392780000004,1,1024.0,1.0,0.0,2048.0,0.0,0.0,2048.0,1.0,0.0,2049.0,0.0,0.0
3.0407018210000003,3,2050.0,1.0,0.0,1024.0,1.0,0.0,2050.0,0.0,-10.0,2050.0,0.0,0.0
3.04075327,1,1024.0,1.0,0.0,2048.0,0.0,0.0,2048.0,1.0,0.0,2049.0,0.0,0.0
3.056736003,3,2050.0,1.0,0.0,1024.0,1.0,0.0,2050.0,0.0,-9.0,2050.0,0.0,0.0
3.0567874,1,1024.0,1.0,0.0,2048.0,0.0,0.0,2048.0,1.0,0.0,2049.0,0.0,0.0
3.072772466,3,2050.0,1.0,0.0,1024.0,1.0,0.0,2050.0,1.0,-10.0,2050.0,0.0,0.0
3.072825883,1,1024.0,1.0,0.0,2048.0,0.0,0.0,2048.0,1.0,0.0,2049.0,0.0,0.0
3.0887864310000004,3,2050.0,1.0,0.0,1024.0,1.0,0.0,2050.0,1.0,-13.0,2050.0,0.0,0.0
3.088839123,1,1024.0,1.0,0.0,2048.0,0.0,0.0,2048.0,1.0,0.0,2049.0,0.0,0.0
3.1047676220000002,3,2050.0,1.0,0.0,1024.0,1.0,0.0,2050.0,1.0,-6.0,2050.0,0.0,0.0
3.104818158,1,1024.0,1.0,0.0,2048.0,0.0,0.0,2048.0,1.0,0.0,2049.0,0.0,0.0
3.1208071250000002,3,2050.0,1.0,0.0,1024.0,1.0,0.0,2050.0,1.0,-10.0,2050.0,0.0,0.0
3.120858074,1,1024.0,1.0,0.0,2048.0,0.0,0.0,2048.0,1.0,0.0,2049.0,0.0,0.0
3.136748326,3,2050.0,1.0,0.0,1024.0,1.0,0.0,2050.0,1.0,-6.0,2050.0,0.0,0.0
3.136799432,1,1024.0,1.0,0.0,2048.0,0.0,0.0,2048.0,1.0,0.0,2049.0,0.0,0.0
3.152794296,3,2050.0,1.0,0.0,1024.0,1.0,0.0,2050.0,1.0,-9.0,2050.0,0.0,0.0
3.152847684,1,1024.0,1.0,0.0,2048.0,0.0,0.0,2048.0,1.0,0.0,2049.0,0.0,0.0
3.168802733,3,2050.0,1.0,0.0,1024.0,1.0,0.0,2050.0,0.0,-13.0,2050.0,0.0,0.0
3.1688588060000002,1,1024.0,1.0,0.0,2048.0,0.0,0.0,2048.0,1.0,0.0,2049.0,0.0,0.0
3.184768543,3,2050.0,1.0,0.0,1024.0,1.0,0.0,2050.0,0.0,-9.0,2050.0,0.0,0.0
3.184818742,1,1024.0,1.0,0.0,2048.0,0.0,0.0,2048.0,1.0,0.0,2049.0,0.0,0.0
3.200630149,3,2050.0,1.0,0.0,1024.0,1.0,0.0,2050.0,1.0,-10.0,2050.0,0.0,0.0
3.20068192,1,1024.0,1.0,0.0,2048.0,0.0,0.0,2048.0,1.0,0.0,2049.0,0.0,0.0
3.216744085,3,2050.0,1.0,0.0,1024.0,1.0,0.0,2050.0,1.0,-4.0,2050.0,0.0,0.0
3.216795342,1,1024.0,1.0,0.0,2048.0,0.0,0.0,2048.0,1.0,0.0,2049.0,0.0,0.0
3.232682633,3,2050.0,1.0,0.0,1024.0,1.0,0.0,2050.0,1.0,-9.0,2050.0,0.0,0.0
3.232734025,1,1024.0,1.0,0.0,2048.0,0.0,0.0,2048.0,1.0,0.0,2049.0,0.0,0.0
3.2487373290000003,3,2050.0,1.0,0.0,1024.0,1.0,0.0,2050.0,1.0,-12.0,2050.0,0.0,0.0
3.2487879540000004,1,1024.0,1.0,0.0,2048.0,0.0,0.0,2048.0,1.0,0.0,2049.0,0.0,0.0
3.264622906,3,2050.0,1.0,0.0,1024.0,1.0,0.0,2050.0,1.0,-10.0,2050.0,0.0,0.0
3.264673451,1,1024.0,1.0,0.0,2048.0,0.0,0.0,2048.0,1.0,0.0,2049.0,0.0,0.0
3.2807637950000004,3,2050.0,1.0,0.0,1024.0,1.0,0.0,2050.0,1.0,-6.0,2050.0,0.0,0.0
3.280814385,1,1024.0,1.0,0.0,2048.0,0.0,0.0,2048.0,1.0,0.0,2049.0,0.0,0.0
3.296765971,3,2050.0,1.0,0.0,1024.0,1.0,0.0,2050.0,1.0,-6.0,2050.0,0.0,0.0
3.296836384,1,1024.0,1.0,0.0,2048.0,0.0,0.0,2048.0,1.0,0.0,2049.0,0.0,0.0
3.312839481,3,2050.0,1.0,0.0,1024.0,1.0,0.0,2050.0,1.0,-13.0,2050.0,0.0,0.0
3.312919185,1,1024.0,1.0,0.0,2048.0,0.0,0.0,2048.0,1.0,0.0,2049.0,0.0,0.0
3.3288167150000003,3,2050.0,1.0,0.0,1024.0,1.0,0.0,2050.0,1.0,-6.0,2050.0,0.0,0.0
3.328867509,1,1024.0,1.0,0.0,2048.0,0.0,0.0,2048.0,1.0,0.0,2049.0,0.0,0.0
3.3447298040000004,3,2050.0,1.0,0.0,1024.0,1.0,0.0,2050.0,1.0,-5.0,2050.0,0.0,0.0
3.3447835990000003,1,1024.0,1.0,0.0,2048.0,0.0,0.0,2048.0,1.0,0.0,2049.0,0.0,0.0
3.360741142,3,2050.0,1.0,0.0,1024.0,1.0,0.0,2050.0,1.0,-13.0,2050.0,0.0,0.0
3.3607920150000004,1,1024.0,1.0,0.0,2048.0,0.0,0.0,2048.0,1.0,0.0,2049.0,0.0,0.0
3.376653901,3,2050.0,1.0,0.0,1024.0,1.0,0.0,2050.0,1.0,-7.0,2050.0,0.0,0.0
3.376703984,1,1024.0,1.0,0.0,2048.0,0.0,0.0,2048.0,1.0,0.0,2049.0,0.0,0.0
3.3926815560000003,3,2050.0,1.0,0.0,1024.0,1.0,0.0,2050.0,1.0,-5.0,2050.0,0.0,0.0
3.392734213,1,1024.0,1.0,0.0,2048.0,0.0,0.0,2048.0,1.0,0.0,2049.0,0.0,0.0
3.408755106,3,2050.0,1.0,0.0,1024.0,1.0,0.0,2050.0,1.0,-11.0,2050.0,0.0,0.0
3.408805321,1,1024.0,1.0,0.0,2048.0,0.0,0.0,2048.0,1.0,0.0,2049.0,0.0,0.0
3.424796172,3,2050.0,1.0,0.0,1024.0,1.0,0.0,2050.0,1.0,-12.0,2050.0,0.0,0.0
3.4248462890000004,1,1024.0,1.0,0.0,2048.0,0.0,0.0,2048.0,1.0,0.0,2049.0,0.0,0.0
3.44082547,3,2050.0,1.0,0.0,1024.0,1.0,0.0,2050.0,1.0,-6.0,2050.0,0.0,0.0
3.4408770530000004,1,1024.0,1.0,0.0,2048.0,0.0,0.0,2048.0,1.0,0.0,2049.0,0.0,0.0
3.4566840070000002,3,2050.0,1.0,0.0,1024.0,1.0,0.0,2050.0,1.0,-9.0,2050.0,0.0,0.0
3.4567579650000004,1,1024.0,1.0,0.0,2048.0,0.0,0.0,2048.0,1.0,0.0,2049.0,0.0,0.0
3.4726937240000004,3,2050.0,1.0,0.0,1024.0,1.0,0.0,2050.0,1.0,-13.0,2050.0,0.0,0.0
3.472747442,1,1024.0,1.0,0.0,2048.0,0.0,0.0,2048.0,1.0,0.0,2049.0,0.0,0.0
3.48876965,3,2050.0,1.0,0.0,1024.0,1.0,0.0,2050.0,1.0,-8.0,2050.0,0.0,0.0
3.4888207560000004,1,1024.0,1.0,0.0,2048.0,0.0,0.0,2048.0,1.0,0.0,2049.0,0.0,0.0
3.504753592,3,2050.0,1.0,0.0,1024.0,1.0,0.0,2050.0,1.0,-10.0,2050.0,0.0,0.0
3.50481028,1,1024.0,1.0,0.0,2048.0,0.0,0.0,2048.0,1.0,0.0,2049.0,0.0,0.0
3.520774067,3,2050.0,1.0,0.0,1024.0,1.0,0.0,2050.0,1.0,-11.0,2050.0,0.0,0.0
3.520835776,1,1024.0,1.0,0.0,2048.0,0.0,0.0,2048.0,1.0,0.0,2049.0,0.0,0.0
3.5367516500000002,3,2050.0,1.0,0.0,1024.0,1.0,0.0,2050.0,1.0,-13.0,2050.0,0.0,0.0
3.536809079,1,1024.0,1.0,0.0,2048.0,0.0,0.0,2048.0,1.0,0.0,2049.0,0.0,0.0
3.5527134950000003,3,2050.0,1.0,0.0,1024.0,1.0,0.0,2050.0,1.0,-9.0,2050.0,0.0,0.0
3.5527680310000003,1,1024.0,1.0,0.0,2048.0,0.0,0.0,2048.0,1.0,0.0,2049.0,0.0,0.0
3.5687292920000004,3,2051.0,1.0,145.0,1022.0,-1.0,-174.0,2052.0,2.0,117.0,2051.0,2.0,174.0
3.5687830920000003,1,1027.0,3.0,205.0,2048.0,0.0,0.0,2052.0,4.0,202.0,2053.0,3.0,182.0
3.58475264,3,2059.0,13.0,153.0,1012.0,-17.0,-84.0,2058.0,12.0,166.0,2063.0,19.0,71.0
3.584804773,1,1044.0,27.0,267.0,2048.0,0.0,0.0,2069.0,30.0,252.0,2072.0,33.0,227.0
3.6008843890000004,3,2070.0,32.0,91.0,999.0,-38.0,-83.0,2070.0,31.0,110.0,2074.0,39.0,77.0
3.6009414410000002,1,1067.0,68.0,222.0,2048.0,0.0,-3.0,2096.0,74.0,140.0,2099.0,78.0,136.0
3.6167397040000004,3,2086.0,49.0,74.0,985.0,-49.0,-59.0,2083.0,46.0,98.0,2087.0,47.0,103.0
3.61679924,1,1092.0,91.0,179.0,2048.0,0.0,1.0,2123.0,100.0,165.0,2126.0,102.0,155.0
3.632710732,3,2101.0,60.0,96.0,973.0,-52.0,-85.0,2099.0,56.0,73.0,2101.0,53.0,64.0
3.632767534,1,1119.0,102.0,169.0,2049.0,2.0,-7.0,2150.0,108.0,137.0,2154.0,110.0,126.0
3.6487291660000003,3,2114.0,59.0,56.0,961.0,-50.0,-62.0,2111.0,57.0,69.0,2113.0,54.0,73.0
3.648780555,1,1150.0,113.0,173.0,2049.0,2.0,-14.0,2178.0,111.0,121.0,2181.0,110.0,122.0
3.664814637,3,2125.0,53.0,74.0,949.0,-49.0,-77.0,2123.0,50.0,138.0,2125.0,50.0,94.0
3.6649079490000003,1,1181.0,120.0,92.0,2048.0,0.0,1.0,2202.0,108.0,155.0,2204.0,104.0,149.0
3.6806945270000004,3,2135.0,47.0,107.0,936.0,-48.0,-73.0,2136.0,48.0,96.0,2138.0,49.0,89.0
3.6807933430000004,1,1208.0,117.0,98.0,2048.0,-1.0,-1.0,2228.0,102.0,116.0,2228.0,98.0,135.0
3.696709203,3,2148.0,46.0,81.0,924.0,-49.0,-66.0,2148.0,50.0,122.0,2150.0,50.0,89.0
3.6968081930000003,1,1232.0,107.0,127.0,2048.0,0.0,1.0,2254.0,101.0,141.0,2252.0,97.0,145.0
3.7126550050000002,3,2161.0,49.0,105.0,911.0,-50.0,-82.0,2160.0,50.0,94.0,2163.0,51.0,92.0
3.7127565750000002,1,1254.0,96.0,132.0,2048.0,0.0,0.0,2279.0,102.0,136.0,2278.0,100.0,166.0
3.7286739950000003,3,2175.0,54.0,59.0,899.0,-49.0,-101.0,2173.0,50.0,118.0,2177.0,51.0,97.0
3.7287785240000004,1,1281.0,95.0,137.0,2048.0,1.0,-1.0,2303.0,99.0,161.0,2303.0,103.0,137.0
3.744629948,3,2187.0,56.0,63.0,886.0,-49.0,-83.0,2186.0,52.0,94.0,2189.0,51.0,75.0
3.744736124,1,1308.0,103.0,109.0,2048.0,1.0,0.0,2328.0,98.0,149.0,2328.0,101.0,151.0
3.760728068,3,2199.0,51.0,82.0,874.0,-50.0,-67.0,2199.0,52.0,98.0,2202.0,50.0,80.0
3.7608337580000004,1,1334.0,107.0,87.0,2048.0,0.0,0.0,2354.0,101.0,135.0,2352.0,98.0,156.0
3.776673912,3,2211.0,48.0,95.0,861.0,-50.0,-85.0,2211.0,51.0,100.0,2214.0,50.0,70.0
3.7767787360000002,1,1359.0,103.0,139.0,2048.0,0.0,0.0,2380.0,104.0,127.0,2378.0,100.0,122.0
3.7926486350000004,3,2224.0,49.0,111.0,849.0,-49.0,-93.0,2222.0,49.0,96.0,2226.0,50.0,94.0
3.7927556850000004,1,1384.0,99.0,120.0,2049.0,1.0,-15.0,2405.0,103.0,128.0,2403.0,102.0,141.0
3.808676739,3,2236.0,50.0,89.0,837.0,-48.0,-79.0,2235.0,49.0,100.0,2239.0,50.0,68.0
3.8087828000000004,1,1409.0,99.0,124.0,2048.0,2.0,-5.0,2429.0,99.0,138.0,2427.0,101.0,143.0
3.824658889,3,2248.0,52.0,96.0,824.0,-49.0,-87.0,2247.0,51.0,95.0,2251.0,50.0,89.0
3.8248074890000003,1,1434.0,101.0,136.0,2048.0,1.0,-2.0,2454.0,98.0,132.0,2452.0,100.0,148.0
3.840637833,3,2260.0,52.0,64.0,812.0,-49.0,-88.0,2259.0,52.0,91.0,2264.0,51.0,83.0
3.840745139,1,1460.0,102.0,152.0,2048.0,-1.0,0.0,2480.0,101.0,126.0,2478.0,103.0,137.0
3.856711552,3,2272.0,49.0,90.0,800.0,-48.0,-89.0,2272.0,51.0,82.0,2277.0,52.0,79.0
3.8568182010000003,1,1486.0,102.0,101.0,2048.0,-1.0,1.0,2505.0,103.0,131.0,2502.0,100.0,154.0
3.872655002,3,2285.0,50.0,93.0,787.0,-49.0,-85.0,2284.0,50.0,111.0,2289.0,51.0,73.0
3.8727610240000003,1,1511.0,101.0,114.0,2048.0,0.0,1.0,2529.0,100.0,140.0,2526.0,98.0,118.0
3.88869576,3,2297.0,51.0,80.0,774.0,-51.0,-76.0,2296.0,49.0,125.0,2301.0,49.0,77.0
3.888802505,1,1536.0,100.0,92.0,2048.0,1.0,-1.0,2554.0,99.0,131.0,2550.0,98.0,194.0
3.904712792,3,2310.0,51.0,77.0,762.0,-51.0,-76.0,2309.0,51.0,87.0,2315.0,50.0,85.0
3.904820153,1,1560.0,100.0,-5.0,2048.0,1.0,0.0,2580.0,101.0,125.0,2570.0,95.0,-41.0
3.920694452,3,2324.0,52.0,79.0,749.0,-49.0,-88.0,2321.0,50.0,105.0,2327.0,51.0,82.0
3.9208043110000004,1,1569.0,80.0,-50.0,2048.0,0.0,0.0,2606.0,103.0,105.0,2570.0,58.0,-2.0
3.9366778150000004,3,2335.0,51.0,70.0,738.0,-48.0,-84.0,2334.0,50.0,101.0,2340.0,51.0,82.0
3.9367891590000004,1,1569.0,35.0,-48.0,2048.0,0.0,0.0,2630.0,102.0,130.0,2570.0,12.0,-4.0
3.9526562330000004,3,2348.0,50.0,85.0,725.0,-48.0,-112.0,2347.0,51.0,105.0,2352.0,50.0,87.0
3.9527675710000003,1,1569.0,5.0,-44.0,2048.0,0.0,0.0,2655.0,100.0,155.0,2570.0,0.0,1.0
3.9686529110000004,3,2360.0,50.0,81.0,713.0,-49.0,-119.0,2359.0,51.0,96.0,2365.0,50.0,93.0
3.968763275,1,1567.0,-2.0,-20.0,2048.0,0.0,0.0,2680.0,101.0,141.0,2569.0,0.0,18.0
3.984684246,3,2372.0,50.0,67.0,700.0,-49.0,-139.0,2372.0,51.0,126.0,2377.0,50.0,95.0
3.9848019050000003,1,1566.0,-5.0,-14.0,2048.0,0.0,0.0,2703.0,99.0,155.0,2569.0,-1.0,11.0
4.0006667,3,2385.0,50.0,80.0,688.0,-50.0,-86.0,2383.0,50.0,122.0,2390.0,50.0,95.0
4.000778447,1,1567.0,-1.0,-27.0,2048.0,1.0,1.0,2729.0,99.0,134.0,2570.0,1.0,-1.0
4.01669461,3,2398.0,51.0,88.0,675.0,-50.0,-123.0,2396.0,50.0,103.0,2402.0,51.0,80.0
4.016801954,1,1567.0,2.0,-25.0,2048.0,1.0,0.0,2752.0,100.0,118.0,2570.0,2.0,2.0
4.032654008000001,3,2410.0,50.0,93.0,662.0,-50.0,-56.0,2409.0,51.0,106.0,2415.0,51.0,92.0
4.032764159,1,1566.0,1.0,-24.0,2048.0,0.0,0.0,2777.0,99.0,169.0,2570.0,1.0,3.0
4.048723648,3,2423.0,51.0,82.0,650.0,-50.0,-88.0,2421.0,50.0,93.0,2427.0,51.0,93.0
4.0488341430000006,1,1566.0,-1.0,-16.0,2048.0,1.0,0.0,2802.0,100.0,139.0,2569.0,0.0,16.0
4.064646849,3,2435.0,50.0,91.0,638.0,-49.0,-45.0,2434.0,50.0,105.0,2440.0,50.0,95.0
4.064760580000001,1,1567.0,0.0,-28.0,2048.0,1.0,0.0,2826.0,101.0,140.0,2570.0,-1.0,-20.0
4.080630918000001,3,2447.0,50.0,78.0,633.0,-40.0,-22.0,2446.0,51.0,110.0,2452.0,50.0,77.0
4.080779914,1,1567.0,2.0,-26.0,2048.0,0.0,0.0,2851.0,101.0,164.0,2570.0,1.0,-3.0
4.096657997,3,2460.0,50.0,90.0,632.0,-19.0,-14.0,2459.0,51.0,109.0,2465.0,50.0,95.0
4.096769510000001,1,1567.0,1.0,-25.0,2048.0,0.0,0.0,2876.0,101.0,168.0,2570.0,2.0,0.0
4.11267326,3,2473.0,51.0,85.0,632.0,-4.0,-16.0,2471.0,50.0,97.0,2477.0,50.0,135.0
4.112785867,1,1566.0,-1.0,-16.0,2048.0,1.0,-1.0,2901.0,102.0,121.0,2570.0,0.0,0.0
4.1286245820000005,3,2485.0,51.0,73.0,632.0,0.0,-17.0,2484.0,50.0,108.0,2490.0,51.0,68.0
4.128735829,1,1567.0,0.0,-26.0,2048.0,1.0,0.0,2925.0,101.0,114.0,2570.0,0.0,-2.0
4.144652580000001,3,2498.0,50.0,96.0,632.0,0.0,-16.0,2497.0,50.0,103.0,2502.0,50.0,65.0
4.1447637440000005,1,1567.0,2.0,-25.0,2048.0,0.0,0.0,2948.0,98.0,146.0,2570.0,1.0,3.0
4.160664412,3,2511.0,50.0,90.0,632.0,0.0,-17.0,2510.0,50.0,107.0,2515.0,50.0,91.0
4.160775454,1,1567.0,1.0,-26.0,2048.0,0.0,0.0,2973.0,98.0,132.0,2570.0,1.0,0.0
4.176694341,3,2524.0,51.0,89.0,632.0,0.0,-17.0,2522.0,51.0,101.0,2527.0,50.0,69.0
4.176805663000001,1,1566.0,-1.0,-22.0,2048.0,1.0,-12.0,2999.0,100.0,141.0,2570.0,0.0,2.0
4.192658603,3,2537.0,51.0,73.0,632.0,0.0,-17.0,2535.0,51.0,111.0,2540.0,51.0,87.0
4.192772511,1,1567.0,0.0,-27.0,2048.0,1.0,0.0,3025.0,103.0,121.0,2570.0,0.0,-6.0
4.208638417,3,2549.0,50.0,-76.0,632.0,0.0,-17.0,2547.0,51.0,86.0,2553.0,51.0,80.0
4.208753927,1,1567.0,2.0,-25.0,2048.0,0.0,0.0,3050.0,103.0,161.0,2570.0,1.0,0.0
4.224667598,3,2551.0,35.0,6.0,632.0,0.0,-18.0,2562.0,53.0,82.0,2566.0,51.0,92.0
4.224779414,1,1567.0,1.0,-25.0,2048.0,0.0,0.0,3073.0,99.0,150.0,2570.0,1.0,0.0
4.240660233,3,2551.0,13.0,0.0,632.0,0.0,-16.0,2573.0,52.0,98.0,2579.0,51.0,76.0
4.240771241,1,1567.0,0.0,-25.0,2048.0,0.0,0.0,3097.0,96.0,164.0,2570.0,0.0,9.0
4.256663561,3,2550.0,1.0,12.0,632.0,0.0,-17.0,2584.0,49.0,111.0,2591.0,51.0,83.0
4.256775692000001,1,1567.0,0.0,-25.0,2048.0,0.0,0.0,3122.0,98.0,132.0,2570.0,0.0,-1.0
4.272645509,3,2550.0,-1.0,-1.0,632.0,0.0,-16.0,2597.0,47.0,142.0,2603.0,50.0,90.0
4.272755626,1,1567.0,1.0,-25.0,2048.0,0.0,0.0,3136.0,88.0,-84.0,2570.0,1.0,-2.0
4.288697194,3,2551.0,2.0,-4.0,632.0,0.0,-18.0,2610.0,51.0,92.0,2616.0,50.0,76.0
4.288807455000001,1,1567.0,1.0,-24.0,2048.0,-1.0,-3.0,3135.0,45.0,22.0,2570.0,1.0,-3.0
4.304603622,3,2551.0,1.0,-6.0,632.0,0.0,-17.0,2623.0,52.0,110.0,2630.0,51.0,73.0
4.304717014,1,1566.0,-1.0,-15.0,2048.0,1.0,-4.0,3135.0,6.0,8.0,2569.0,-2.0,9.0
4.320642634,3,2551.0,0.0,-1.0,632.0,0.0,-17.0,2635.0,51.0,97.0,2642.0,51.0,79.0
4.320753368,1,1567.0,-1.0,-15.0,2048.0,2.0,0.0,3134.0,-2.0,26.0,2569.0,-1.0,12.0
4.336626989,3,2551.0,1.0,0.0,632.0,0.0,-17.0,2648.0,50.0,99.0,2654.0,51.0,98.0
4.336742817,1,1567.0,2.0,-26.0,2048.0,-1.0,3.0,3136.0,1.0,10.0,2570.0,2.0,-5.0
4.352614993,3,2551.0,1.0,0.0,632.0,0.0,-17.0,2660.0,51.0,87.0,2667.0,50.0,82.0
4.352730288,1,1567.0,2.0,-26.0,2048.0,0.0,-1.0,3135.0,3.0,11.0,2570.0,2.0,-1.0
4.368553225,3,2551.0,0.0,-2.0,632.0,0.0,-17.0,2673.0,51.0,99.0,2679.0,50.0,104.0
4.36862232,1,1566.0,-1.0,-16.0,2048.0,2.0,0.0,3135.0,1.0,12.0,2570.0,0.0,0.0
4.384495437,3,2551.0,0.0,0.0,632.0,0.0,-16.0,2685.0,51.0,89.0,2692.0,51.0,70.0
4.384549926,1,1567.0,-1.0,-25.0,2048.0,1.0,0.0,3135.0,-1.0,8.0,2570.0,0.0,-3.0
4.400704198000001,3,2551.0,1.0,0.0,632.0,0.0,-17.0,2698.0,51.0,112.0,2705.0,51.0,99.0
4.400756681,1,1567.0,2.0,-25.0,2048.0,0.0,0.0,3135.0,0.0,8.0,2570.0,1.0,-1.0
4.416567445,3,2551.0,1.0,0.0,632.0,0.0,-17.0,2710.0,50.0,83.0,2716.0,50.0,95.0
4.416619977,1,1567.0,2.0,-27.0,2048.0,1.0,-1.0,3135.0,0.0,10.0,2570.0,1.0,0.0
4.432476778,3,2550.0,-1.0,12.0,632.0,0.0,-17.0,2720.0,46.0,134.0,2728.0,47.0,105.0
4.432529617,1,1566.0,-1.0,-16.0,2047.0,-1.0,10.0,3137.0,4.0,-13.0,2571.0,2.0,-8.0
4.448628978,3,2548.0,-4.0,32.0,633.0,2.0,-30.0,2729.0,41.0,146.0,2738.0,44.0,155.0
4.448685022,1,1567.0,0.0,-25.0,2048.0,0.0,-7.0,3138.0,5.0,-17.0,2571.0,2.0,-12.0
4.4645517230000005,3,2547.0,-5.0,42.0,633.0,2.0,-26.0,2737.0,36.0,212.0,2747.0,42.0,175.0
4.464602537,1,1567.0,2.0,-25.0,2047.0,1.0,11.0,3140.0,6.0,-45.0,2572.0,2.0,-22.0
4.48061791,3,2547.0,-3.0,35.0,633.0,1.0,-25.0,2741.0,29.0,282.0,2755.0,37.0,160.0
4.480672159,1,1567.0,1.0,-26.0,2047.0,-1.0,9.0,3141.0,6.0,-38.0,2573.0,4.0,-28.0
4.49659117,3,2546.0,-3.0,44.0,634.0,2.0,-42.0,2742.0,15.0,268.0,2764.0,34.0,186.0
4.496687280000001,1,1567.0,1.0,-25.0,2047.0,-1.0,13.0,3141.0,4.0,-45.0,2573.0,3.0,-26.0
4.512616921,3,2546.0,-2.0,43.0,634.0,2.0,-34.0,2742.0,5.0,264.0,2770.0,31.0,263.0
4.512712792,1,1567.0,1.0,-25.0,2046.0,-1.0,9.0,3141.0,3.0,-48.0,2574.0,2.0,-39.0
4.528589763,3,2546.0,0.0,42.0,634.0,1.0,-34.0,2742.0,1.0,294.0,2776.0,27.0,305.0
4.528645727000001,1,1567.0,1.0,-26.0,2046.0,-1.0,18.0,3142.0,3.0,-54.0,2574.0,2.0,-35.0
4.544570217,3,2546.0,0.0,41.0,634.0,1.0,-33.0,2742.0,1.0,340.0,2782.0,24.0,293.0
4.544632187,1,1567.0,1.0,-25.0,2046.0,0.0,17.0,3142.0,2.0,-52.0,2574.0,1.0,-33.0
4.560599286,3,2545.0,-1.0,51.0,634.0,1.0,-33.0,2742.0,1.0,271.0,2787.0,24.0,279.0
4.560651777,1,1567.0,1.0,-25.0,2046.0,1.0,17.0,3143.0,1.0,-49.0,2574.0,1.0,-34.0
4.576387928,3,2545.0,-1.0,50.0,634.0,1.0,-33.0,2742.0,0.0,291.0,2791.0,20.0,283.0
4.576441154,1,1567.0,1.0,-25.0,2046.0,0.0,17.0,3143.0,2.0,-61.0,2574.0,1.0,-34.0
4.592477451000001,3,2545.0,0.0,49.0,634.0,1.0,-35.0,2741.0,-1.0,338.0,2792.0,13.0,328.0
4.592529129,1,1568.0,2.0,-35.0,2046.0,0.0,15.0,3143.0,2.0,-58.0,2574.0,1.0,-33.0
4.608657944,3,2545.0,0.0,51.0,634.0,1.0,-34.0,2741.0,-1.0,284.0,2792.0,6.0,325.0
4.608714539,1,1568.0,2.0,-34.0,2046.0,0.0,16.0,3143.0,1.0,-59.0,2574.0,1.0,-32.0
4.624605871,3,2545.0,0.0,49.0,634.0,1.0,-34.0,2742.0,1.0,271.0,2793.0,3.0,277.0
4.624698911,1,1567.0,1.0,-34.0,2046.0,0.0,16.0,3143.0,1.0,-59.0,2574.0,1.0,-33.0
4.640587291,3,2545.0,0.0,48.0,634.0,1.0,-33.0,2742.0,1.0,340.0,2793.0,2.0,270.0
4.640648319,1,1568.0,1.0,-34.0,2046.0,0.0,16.0,3143.0,1.0,-59.0,2574.0,1.0,-33.0
4.656556068,3,2545.0,0.0,49.0,634.0,1.0,-33.0,2742.0,1.0,313.0,2793.0,1.0,262.0
4.656607678,1,1568.0,1.0,-33.0,2046.0,0.0,16.0,3143.0,1.0,-57.0,2574.0,1.0,-33.0
4.672559843,3,2545.0,0.0,50.0,634.0,1.0,-34.0,2741.0,0.0,317.0,2793.0,1.0,315.0
4.672611505,1,1568.0,1.0,-34.0,2046.0,0.0,16.0,3143.0,1.0,-57.0,2574.0,1.0,-33.0
4.68861813,3,2545.0,0.0,48.0,634.0,1.0,-33.0,2742.0,0.0,264.0,2793.0,1.0,330.0
4.688670598,1,1568.0,1.0,-34.0,2046.0,0.0,16.0,3143.0,1.0,-58.0,2574.0,1.0,-34.0
4.704546256,3,2545.0,0.0,49.0,634.0,1.0,-33.0,2742.0,1.0,324.0,2793.0,1.0,331.0
4.704597264,1,1568.0,1.0,-33.0,2046.0,0.0,16.0,3143.0,1.0,-58.0,2574.0,1.0,-34.0
4.720523917,3,2545.0,0.0,50.0,634.0,1.0,-34.0,2742.0,0.0,324.0,2793.0,1.0,328.0
4.720577489,1,1568.0,1.0,-32.0,2046.0,0.0,17.0,3143.0,1.0,-60.0,2574.0,1.0,-33.0
4.736578757,3,2545.0,0.0,48.0,634.0,1.0,-34.0,2741.0,-1.0,282.0,2793.0,0.0,311.0
4.736629951,1,1568.0,1.0,-33.0,2046.0,0.0,16.0,3143.0,1.0,-58.0,2574.0,1.0,-33.0
4.752620941,3,2545.0,0.0,49.0,635.0,1.0,-43.0,2742.0,1.0,271.0,2793.0,1.0,294.0
4.752675654,1,1568.0,0.0,-35.0,2046.0,0.0,16.0,3143.0,1.0,-59.0,2574.0,1.0,-33.0
4.768526706,3,2545.0,0.0,50.0,635.0,2.0,-44.0,2742.0,2.0,266.0,2793.0,1.0,290.0
4.768577598,1,1568.0,0.0,-35.0,2046.0,0.0,16.0,3143.0,1.0,-58.0,2574.0,1.0,-34.0
4.784592288000001,3,2545.0,0.0,49.0,635.0,1.0,-38.0,2741.0,0.0,317.0,2793.0,1.0,322.0
4.7846450990000005,1,1568.0,1.0,-33.0,2046.0,0.0,15.0,3143.0,1.0,-58.0,2574.0,1.0,-33.0
4.800455763,3,2545.0,0.0,50.0,635.0,1.0,-43.0,2742.0,1.0,314.0,2793.0,1.0,260.0
4.80050909,1,1568.0,1.0,-34.0,2046.0,0.0,15.0,3143.0,1.0,-58.0,2574.0,1.0,-32.0
4.816556659000001,3,2545.0,0.0,49.0,635.0,1.0,-42.0,2742.0,1.0,274.0,2794.0,1.0,335.0
4.816609927,1,1568.0,1.0,-33.0,2046.0,0.0,15.0,3143.0,1.0,-58.0,2574.0,1.0,-33.0
4.83259764,3,2545.0,0.0,49.0,635.0,1.0,-42.0,2741.0,1.0,271.0,2794.0,2.0,329.0
4.832648676000001,1,1568.0,1.0,-32.0,2046.0,0.0,16.0,3143.0,1.0,-59.0,2574.0,1.0,-33.0
4.848599427,3,2545.0,0.0,49.0,635.0,1.0,-41.0,2742.0,1.0,276.0,2794.0,1.0,315.0
4.848652211,1,1568.0,1.0,-33.0,2046.0,0.0,17.0,3143.0,1.0,-58.0,2574.0,1.0,-32.0
4.864689998,3,2545.0,0.0,48.0,635.0,1.0,-43.0,2741.0,0.0,284.0,2794.0,1.0,264.0
4.864772372,1,1568.0,1.0,-34.0,2046.0,0.0,16.0,3143.0,1.0,-59.0,2574.0,1.0,-34.0
4.880581403,3,2545.0,0.0,48.0,635.0,1.0,-42.0,2742.0,1.0,321.0,2794.0,1.0,291.0
4.880631957,1,1568.0,1.0,-34.0,2046.0,0.0,16.0,3143.0,1.0,-57.0,2574.0,1.0,-32.0
4.896538529,3,2545.0,0.0,48.0,635.0,1.0,-42.0,2741.0,1.0,332.0,2794.0,1.0,272.0
4.896589720000001,1,1568.0,1.0,-33.0,2046.0,0.0,16.0,3143.0,1.0,-58.0,2574.0,1.0,-33.0
4.912526273,3,2545.0,0.0,48.0,635.0,1.0,-42.0,2742.0,0.0,327.0,2794.0,1.0,335.0
4.912578384000001,1,1568.0,1.0,-34.0,2046.0,0.0,16.0,3143.0,1.0,-58.0,2574.0,1.0,-33.0
4.9285595120000005,3,2545.0,0.0,50.0,635.0,1.0,-44.0,2742.0,1.0,333.0,2794.0,1.0,305.0
4.92861169,1,1568.0,1.0,-32.0,2046.0,0.0,15.0,3143.0,1.0,-58.0,2574.0,1.0,-32.0
4.944570789,3,2545.0,0.0,50.0,635.0,1.0,-43.0,2742.0,0.0,324.0,2794.0,1.0,266.0
4.944623003,1,1568.0,1.0,-33.0,2046.0,0.0,17.0,3143.0,1.0,-58.0,2574.0,1.0,-33.0
4.960551526000001,3,2545.0,0.0,49.0,635.0,1.0,-42.0,2742.0,1.0,286.0,2794.0,1.0,293.0
4.960601929,1,1568.0,1.0,-33.0,2046.0,0.0,16.0,3143.0,1.0,-58.0,2574.0,1.0,-33.0
4.976576115,3,2545.0,0.0,49.0,635.0,1.0,-41.0,2742.0,1.0,266.0,2794.0,1.0,322.0
4.976627202,1,1568.0,1.0,-32.0,2046.0,0.0,17.0,3143.0,1.0,-58.0,2574.0,1.0,-33.0
4.992592899,3,2545.0,0.0,49.0,635.0,1.0,-41.0,2741.0,1.0,340.0,2794.0,1.0,329.0
4.992655083000001,1,1568.0,1.0,-33.0,2046.0,0.0,16.0,3143.0,1.0,-58.0,2574.0,1.0,-34.0
5.008690577,3,2545.0,0.0,49.0,635.0,1.0,-43.0,2741.0,0.0,284.0,2795.0,1.0,326.0
5.0087446490000005,1,1568.0,1.0,-33.0,2046.0,0.0,17.0,3143.0,1.0,-58.0,2574.0,1.0,-33.0
5.024547171,3,2545.0,0.0,49.0,635.0,1.0,-43.0,2741.0,-1.0,262.0,2795.0,2.0,337.0
5.024598558,1,1568.0,1.0,-32.0,2046.0,0.0,17.0,3143.0,1.0,-59.0,2574.0,1.0,-33.0
5.040529080000001,3,2545.0,0.0,49.0,635.0,1.0,-42.0,2742.0,1.0,302.0,2795.0,2.0,296.0
5.040582523,1,1568.0,1.0,-33.0,2046.0,0.0,16.0,3143.0,1.0,-57.0,2574.0,1.0,-33.0
5.056547354,3,2545.0,0.0,48.0,635.0,1.0,-42.0,2742.0,1.0,302.0,2795.0,1.0,283.0
5.056600359,1,1568.0,1.0,-33.0,2046.0,0.0,16.0,3143.0,1.0,-59.0,2574.0,1.0,-33.0
5.072556103,3,2545.0,0.0,50.0,635.0,1.0,-42.0,2741.0,0.0,280.0,2795.0,1.0,284.0
5.072607299,1,1568.0,1.0,-32.0,2046.0,0.0,17.0,3143.0,1.0,-58.0,2574.0,1.0,-34.0
5.0885445670000005,3,2545.0,0.0,48.0,635.0,1.0,-42.0,2741.0,0.0,289.0,2795.0,1.0,265.0
5.088595611000001,1,1568.0,1.0,-34.0,2046.0,0.0,16.0,3143.0,1.0,-58.0,2574.0,1.0,-32.0
5.1044948990000005,3,2545.0,0.0,50.0,635.0,1.0,-42.0,2741.0,0.0,339.0,2795.0,1.0,329.0
5.104548654,1,1568.0,1.0,-33.0,2046.0,0.0,17.0,3143.0,1.0,-58.0,2574.0,1.0,-33.0
5.120611054,3,2545.0,0.0,50.0,635.0,1.0,-42.0,2741.0,1.0,282.0,2795.0,1.0,284.0
5.120687252000001,1,1568.0,0.0,-34.0,2046.0,0.0,15.0,3143.0,1.0,-57.0,2574.0,1.0,-34.0
5.136685871,3,2545.0,0.0,49.0,635.0,1.0,-43.0,2742.0,0.0,284.0,2795.0,1.0,324.0
5.136741828,1,1568.0,0.0,-33.0,2046.0,0.0,17.0,3143.0,1.0,-58.0,2574.0,1.0,-33.0
5.152773129000001,3,2545.0,0.0,49.0,635.0,1.0,-42.0,2741.0,0.0,336.0,2795.0,1.0,282.0
5.152827962,1,1568.0,1.0,-34.0,2046.0,0.0,16.0,3143.0,1.0,-58.0,2574.0,1.0,-33.0
5.16858031,3,2545.0,0.0,49.0,635.0,1.0,-43.0,2741.0,1.0,325.0,2795.0,1.0,264.0
5.168631378000001,1,1568.0,1.0,-33.0,2046.0,0.0,16.0,3143.0,1.0,-59.0,2574.0,1.0,-33.0
5.184451174,3,2545.0,0.0,49.0,635.0,1.0,-41.0,2741.0,1.0,326.0,2795.0,1.0,306.0
5.184504545,1,1568.0,1.0,-33.0,2046.0,0.0,16.0,3143.0,1.0,-59.0,2574.0,1.0,-33.0
5.200504680000001,3,2545.0,0.0,49.0,635.0,1.0,-42.0,2741.0,0.0,319.0,2795.0,1.0,327.0
5.20056766,1,1568.0,1.0,-33.0,2046.0,0.0,16.0,3143.0,1.0,-59.0,2574.0,1.0,-33.0
5.216574482,3,2545.0,0.0,51.0,635.0,1.0,-44.0,2741.0,-1.0,287.0,2795.0,1.0,333.0
5.216627307,1,1568.0,1.0,-33.0,2046.0,0.0,17.0,3143.0,1.0,-58.0,2574.0,1.0,-33.0
5.232452538,3,2545.0,0.0,50.0,635.0,1.0,-42.0,2741.0,1.0,274.0,2795.0,1.0,324.0
5.232505619,1,1568.0,1.0,-32.0,2046.0,0.0,16.0,3143.0,1.0,-57.0,2574.0,1.0,-33.0
5.248451954,3,2545.0,0.0,49.0,635.0,1.0,-42.0,2741.0,1.0,272.0,2795.0,1.0,311.0
5.248504049,1,1568.0,1.0,-33.0,2046.0,0.0,16.0,3143.0,1.0,-58.0,2574.0,1.0,-33.0
5.264620372,3,2545.0,0.0,49.0,635.0,1.0,-42.0,2742.0,1.0,271.0,2796.0,2.0,290.0
5.264677429000001,1,1568.0,1.0,-32.0,2046.0,0.0,17.0,3143.0,1.0,-59.0,2574.0,1.0,-32.0
5.280512347,3,2545.0,0.0,49.0,635.0,1.0,-41.0,2741.0,1.0,329.0,2796.0,2.0,274.0
5.280564469000001,1,1568.0,1.0,-33.0,2046.0,0.0,16.0,3143.0,1.0,-57.0,2574.0,1.0,-33.0
5.296567813,3,2545.0,0.0,50.0,635.0,1.0,-42.0,2742.0,0.0,337.0,2796.0,1.0,269.0
5.2966193310000005,1,1568.0,1.0,-33.0,2046.0,0.0,15.0,3143.0,1.0,-57.0,2574.0,1.0,-32.0
5.312542296,3,2545.0,0.0,49.0,635.0,1.0,-42.0,2741.0,0.0,296.0,2796.0,1.0,281.0
5.312619795000001,1,1568.0,1.0,-33.0,2046.0,0.0,16.0,3143.0,1.0,-57.0,2574.0,1.0,-33.0
5.328540955,3,2545.0,0.0,50.0,635.0,1.0,-41.0,2742.0,1.0,296.0,2796.0,1.0,317.0
5.328591424000001,1,1568.0,1.0,-34.0,2046.0,0.0,16.0,3143.0,1.0,-58.0,2574.0,1.0,-32.0
5.344553242,3,2545.0,0.0,49.0,635.0,1.0,-42.0,2741.0,1.0,276.0,2796.0,1.0,303.0
5.344606537000001,1,1568.0,1.0,-33.0,2046.0,0.0,16.0,3143.0,1.0,-57.0,2574.0,1.0,-33.0
5.360507618000001,3,2545.0,0.0,48.0,635.0,1.0,-42.0,2741.0,0.0,269.0,2796.0,1.0,266.0
5.360565514,1,1568.0,1.0,-33.0,2046.0,0.0,16.0,3143.0,1.0,-57.0,2574.0,1.0,-33.0
5.376367701,3,2545.0,0.0,48.0,635.0,1.0,-42.0,2741.0,0.0,285.0,2796.0,1.0,306.0
5.376421959,1,1568.0,1.0,-33.0,2046.0,0.0,16.0,3143.0,1.0,-57.0,2574.0,1.0,-33.0
5.392457447,3,2545.0,0.0,49.0,635.0,1.0,-41.0,2741.0,0.0,301.0,2796.0,1.0,307.0
5.392510541,1,1568.0,1.0,-32.0,2046.0,0.0,17.0,3143.0,1.0,-59.0,2574.0,1.0,-32.0
5.408630109000001,3,2545.0,0.0,47.0,635.0,1.0,-42.0,2742.0,1.0,319.0,2796.0,1.0,327.0
5.408681747,1,1568.0,1.0,-33.0,2046.0,0.0,16.0,3143.0,1.0,-59.0,2574.0,1.0,-33.0
5.424597236,3,2545.0,0.0,49.0,635.0,1.0,-42.0,2742.0,1.0,330.0,2796.0,1.0,332.0
5.424647399,1,1568.0,1.0,-32.0,2046.0,0.0,16.0,3143.0,1.0,-58.0,2574.0,1.0,-33.0
5.4410633090000005,3,2545.0,0.0,50.0,635.0,1.0,-43.0,2742.0,0.0,341.0,2796.0,1.0,329.0
5.441115079,1,1568.0,1.0,-33.0,2046.0,0.0,16.0,3143.0,1.0,-58.0,2574.0,1.0,-33.0
5.456583672000001,3,2545.0,0.0,51.0,635.0,1.0,-41.0,2741.0,0.0,272.0,2796.0,0.0,311.0
5.456635139,1,1568.0,1.0,-32.0,2046.0,0.0,17.0,3143.0,1.0,-58.0,2574.0,1.0,-32.0
5.472636561000001,3,2545.0,0.0,48.0,635.0,1.0,-41.0,2741.0,0.0,287.0,2796.0,1.0,283.0
5.472687765000001,1,1568.0,1.0,-33.0,2046.0,0.0,16.0,3143.0,1.0,-58.0,2574.0,1.0,-33.0
5.4884621870000005,3,2545.0,0.0,49.0,635.0,1.0,-43.0,2741.0,1.0,328.0,2796.0,1.0,283.0
5.488515417,1,1568.0,1.0,-33.0,2046.0,0.0,17.0,3143.0,1.0,-59.0,2574.0,1.0,-32.0
5.504626909000001,3,2545.0,0.0,50.0,635.0,1.0,-42.0,2741.0,1.0,322.0,2797.0,1.0,270.0
5.504678881,1,1568.0,1.0,-32.0,2046.0,0.0,17.0,3143.0,1.0,-58.0,2574.0,1.0,-33.0
5.520402076000001,3,2545.0,0.0,49.0,635.0,1.0,-42.0,2741.0,0.0,262.0,2797.0,1.0,268.0
5.520455302,1,1568.0,1.0,-32.0,2046.0,0.0,16.0,3143.0,1.0,-58.0,2574.0,1.0,-34.0
5.5365846560000005,3,2545.0,0.0,49.0,635.0,1.0,-41.0,2742.0,1.0,305.0,2797.0,0.0,285.0
5.536637369,1,1568.0,1.0,-33.0,2046.0,0.0,15.0,3143.0,1.0,-58.0,2574.0,1.0,-33.0
5.552627728,3,2545.0,0.0,50.0,635.0,1.0,-43.0,2741.0,0.0,326.0,2797.0,1.0,319.0
5.552679337000001,1,1568.0,1.0,-33.0,2046.0,0.0,16.0,3143.0,1.0,-58.0,2574.0,1.0,-33.0
5.56844578,3,2545.0,0.0,49.0,635.0,1.0,-43.0,2742.0,1.0,261.0,2797.0,1.0,313.0
5.568497902000001,1,1568.0,1.0,-33.0,2046.0,0.0,16.0,3143.0,1.0,-58.0,2574.0,1.0,-33.0
5.584371348,3,2545.0,0.0,47.0,635.0,1.0,-42.0,2742.0,1.0,346.0,2797.0,0.0,340.0
5.5844247320000004,1,1568.0,1.0,-32.0,2046.0,0.0,16.0,3143.0,1.0,-58.0,2574.0,1.0,-32.0
5.600560884,3,2544.0,-1.0,61.0,635.0,1.0,-41.0,2742.0,1.0,257.0,2797.0,0.0,272.0
5.600629766,1,1568.0,1.0,-33.0,2046.0,0.0,17.0,3143.0,1.0,-58.0,2574.0,1.0,-33.0
5.616783535000001,3,2544.0,-1.0,48.0,635.0,1.0,-42.0,2741.0,0.0,326.0,2797.0,1.0,265.0
5.616836500000001,1,1568.0,1.0,-33.0,2046.0,0.0,16.0,3143.0,1.0,-58.0,2574.0,1.0,-34.0
5.632457896,3,2544.0,0.0,59.0,635.0,1.0,-42.0,2741.0,0.0,319.0,2797.0,1.0,266.0
5.632513617000001,1,1568.0,1.0,-34.0,2046.0,0.0,16.0,3143.0,1.0,-57.0,2574.0,1.0,-33.0
5.648546767,3,2544.0,0.0,57.0,635.0,1.0,-43.0,2741.0,0.0,281.0,2797.0,1.0,330.0
5.648602974,1,1568.0,1.0,-33.0,2046.0,0.0,16.0,3143.0,1.0,-58.0,2574.0,1.0,-34.0
5.664376399,3,2544.0,0.0,58.0,635.0,1.0,-43.0,2741.0,1.0,283.0,2797.0,1.0,325.0
5.664426624000001,1,1568.0,1.0,-33.0,2046.0,0.0,17.0,3143.0,1.0,-58.0,2574.0,1.0,-32.0
5.680531578,3,2544.0,0.0,58.0,635.0,1.0,-42.0,2741.0,1.0,265.0,2797.0,1.0,266.0
5.680588341,1,1568.0,1.0,-33.0,2046.0,0.0,16.0,3143.0,1.0,-57.0,2574.0,1.0,-33.0
5.696528808,3,2544.0,0.0,58.0,635.0,1.0,-42.0,2742.0,0.0,314.0,2797.0,1.0,306.0
5.696579547000001,1,1568.0,1.0,-33.0,2046.0,0.0,16.0,3143.0,1.0,-58.0,2574.0,1.0,-33.0
5.712638050000001,3,2544.0,0.0,56.0,635.0,1.0,-42.0,2741.0,0.0,329.0,2797.0,1.0,333.0
5.712713466,1,1568.0,1.0,-33.0,2046.0,0.0,16.0,3143.0,1.0,-58.0,2574.0,1.0,-34.0
5.728489076000001,3,2544.0,0.0,58.0,635.0,1.0,-44.0,2741.0,0.0,328.0,2797.0,1.0,269.0
5.72854285,1,1568.0,1.0,-34.0,2046.0,0.0,16.0,3143.0,1.0,-58.0,2574.0,1.0,-33.0
5.7445864040000005,3,2544.0,0.0,57.0,635.0,1.0,-41.0,2741.0,0.0,275.0,2797.0,1.0,298.0
5.744656603,1,1568.0,1.0,-33.0,2046.0,0.0,15.0,3143.0,1.0,-57.0,2574.0,1.0,-33.0
5.7605850510000005,3,2544.0,0.0,57.0,635.0,1.0,-42.0,2741.0,1.0,284.0,2797.0,1.0,336.0
5.760641853,1,1568.0,1.0,-33.0,2046.0,0.0,15.0,3143.0,1.0,-58.0,2574.0,1.0,-33.0
5.776448692000001,3,2544.0,0.0,57.0,635.0,1.0,-42.0,2741.0,1.0,339.0,2797.0,1.0,282.0
5.776506671,1,1568.0,1.0,-33.0,2046.0,0.0,15.0,3143.0,1.0,-58.0,2574.0,1.0,-34.0
5.792374723,3,2544.0,0.0,58.0,635.0,1.0,-42.0,2741.0,0.0,286.0,2797.0,1.0,278.0
5.792454114000001,1,1568.0,1.0,-32.0,2046.0,0.0,15.0,3143.0,1.0,-57.0,2574.0,1.0,-33.0
5.808340483,1,1568.0,1.0,-33.0,2046.0,0.0,16.0,3143.0,1.0,-58.0,2574.0,1.0,-34.0
5.808495043000001,3,2544.0,0.0,57.0,635.0,1.0,-42.0,2741.0,1.0,271.0,2797.0,1.0,301.0
5.824739425000001,3,2544.0,0.0,56.0,635.0,1.0,-42.0,2741.0,1.0,273.0,2797.0,1.0,329.0
5.824813192000001,1,1568.0,1.0,-33.0,2046.0,0.0,17.0,3143.0,1.0,-58.0,2574.0,1.0,-33.0
5.840465683000001,3,2544.0,0.0,56.0,635.0,1.0,-42.0,2741.0,0.0,292.0,2798.0,2.0,309.0
5.840545541,1,1568.0,1.0,-33.0,2046.0,0.0,15.0,3143.0,1.0,-58.0,2574.0,1.0,-34.0
5.8564639750000005,3,2544.0,0.0,56.0,635.0,1.0,-42.0,2741.0,1.0,337.0,2798.0,2.0,262.0
5.856544003000001,1,1568.0,1.0,-33.0,2046.0,0.0,16.0,3143.0,1.0,-57.0,2574.0,1.0,-34.0
5.872346327000001,3,2544.0,0.0,58.0,635.0,1.0,-43.0,2741.0,1.0,265.0,2798.0,1.0,307.0
5.872435373,1,1568.0,1.0,-33.0,2046.0,0.0,16.0,3143.0,1.0,-58.0,2574.0,1.0,-33.0
5.888322396,3,2544.0,0.0,57.0,635.0,1.0,-41.0,2741.0,0.0,283.0,2798.0,1.0,332.0
5.888394803000001,1,1568.0,1.0,-33.0,2046.0,0.0,15.0,3143.0,1.0,-60.0,2574.0,1.0,-33.0
5.904319055,3,2544.0,0.0,56.0,635.0,1.0,-42.0,2741.0,0.0,304.0,2798.0,1.0,292.0
5.904523044,1,1568.0,1.0,-33.0,2046.0,0.0,17.0,3143.0,1.0,-58.0,2574.0,1.0,-33.0
5.920364141,3,2544.0,1.0,57.0,635.0,1.0,-42.0,2741.0,0.0,332.0,2798.0,1.0,269.0
5.920418133,1,1568.0,1.0,-33.0,2046.0,0.0,16.0,3143.0,1.0,-58.0,2574.0,1.0,-33.0
5.936452689,3,2544.0,1.0,58.0,635.0,1.0,-42.0,2741.0,1.0,299.0,2798.0,1.0,334.0
5.936509308000001,1,1568.0,1.0,-33.0,2046.0,0.0,16.0,3143.0,1.0,-58.0,2574.0,1.0,-33.0
5.952395938,3,2544.0,0.0,57.0,635.0,1.0,-43.0,2741.0,1.0,266.0,2798.0,1.0,325.0
5.952453673,1,1568.0,1.0,-33.0,2046.0,0.0,16.0,3143.0,1.0,-58.0,2574.0,1.0,-33.0
5.968401459000001,3,2544.0,0.0,56.0,635.0,1.0,-41.0,2741.0,0.0,313.0,2798.0,1.0,328.0
5.968455746,1,1568.0,1.0,-33.0,2046.0,0.0,16.0,3143.0,1.0,-58.0,2574.0,1.0,-33.0
5.984558107000001,3,2544.0,0.0,57.0,635.0,1.0,-43.0,2741.0,0.0,324.0,2798.0,1.0,323.0
5.984611059000001,1,1568.0,1.0,-33.0,2046.0,0.0,17.0,3143.0,1.0,-58.0,2574.0,1.0,-33.0
6.000456261,3,2544.0,0.0,58.0,635.0,1.0,-42.0,2742.0,1.0,334.0,2798.0,1.0,327.0
6.000510731,1,1568.0,1.0,-32.0,2046.0,0.0,16.0,3143.0,1.0,-59.0,2574.0,1.0,-33.0
6.016700838,3,2544.0,0.0,57.0,635.0,1.0,-41.0,2741.0,0.0,261.0,2798.0,1.0,332.0
6.016753989000001,1,1568.0,1.0,-33.0,2046.0,0.0,16.0,3143.0,1.0,-58.0,2574.0,1.0,-32.0
6.032424491,3,2544.0,0.0,57.0,635.0,1.0,-44.0,2741.0,0.0,316.0,2798.0,1.0,322.0
6.032476699,1,1568.0,1.0,-33.0,2046.0,0.0,16.0,3143.0,1.0,-58.0,2574.0,1.0,-33.0
6.048369869,1,1568.0,1.0,-33.0,2046.0,0.0,16.0,3143.0,1.0,-58.0,2574.0,1.0,-34.0
6.048485037000001,3,2544.0,0.0,57.0,635.0,1.0,-42.0,2741.0,1.0,312.0,2798.0,1.0,321.0
6.064433243000001,3,2544.0,0.0,57.0,635.0,1.0,-44.0,2741.0,0.0,285.0,2798.0,1.0,288.0
6.064484495,1,1568.0,1.0,-33.0,2046.0,0.0,16.0,3143.0,1.0,-59.0,2574.0,1.0,-34.0
6.080364660000001,3,2544.0,0.0,57.0,635.0,1.0,-41.0,2741.0,0.0,283.0,2798.0,1.0,303.0
6.080418805000001,1,1568.0,1.0,-33.0,2046.0,0.0,16.0,3143.0,1.0,-57.0,2574.0,1.0,-32.0
6.0964227410000005,3,2544.0,0.0,56.0,635.0,1.0,-42.0,2741.0,1.0,304.0,2798.0,1.0,283.0
6.0964743320000006,1,1568.0,1.0,-33.0,2046.0,0.0,16.0,3143.0,1.0,-58.0,2574.0,1.0,-34.0
6.112339644,3,2544.0,0.0,57.0,635.0,1.0,-41.0,2741.0,1.0,333.0,2798.0,1.0,273.0
6.112396335000001,1,1568.0,1.0,-33.0,2046.0,0.0,16.0,3143.0,1.0,-58.0,2574.0,1.0,-32.0
6.128423673,3,2544.0,0.0,56.0,635.0,1.0,-42.0,2741.0,0.0,282.0,2798.0,1.0,268.0
6.128473986,1,1568.0,1.0,-33.0,2046.0,0.0,16.0,3143.0,1.0,-59.0,2574.0,1.0,-33.0
6.144347966000001,3,2544.0,0.0,57.0,635.0,1.0,-42.0,2741.0,0.0,273.0,2798.0,1.0,285.0
6.1444053400000005,1,1568.0,1.0,-32.0,2046.0,0.0,16.0,3143.0,1.0,-58.0,2574.0,1.0,-32.0
6.160338533,3,2544.0,0.0,57.0,635.0,1.0,-42.0,2741.0,0.0,269.0,2798.0,1.0,319.0
6.160400044,1,1568.0,1.0,-33.0,2046.0,0.0,16.0,3143.0,1.0,-59.0,2574.0,1.0,-33.0
6.176267437000001,3,2544.0,0.0,57.0,635.0,1.0,-43.0,2741.0,1.0,341.0,2798.0,1.0,291.0
6.1763192590000005,1,1568.0,1.0,-33.0,2046.0,0.0,16.0,3143.0,1.0,-57.0,2574.0,1.0,-33.0
6.192278320000001,3,2544.0,0.0,57.0,635.0,1.0,-42.0,2741.0,1.0,290.0,2798.0,1.0,299.0
6.192330875000001,1,1568.0,1.0,-33.0,2046.0,0.0,16.0,3143.0,1.0,-56.0,2574.0,1.0,-34.0
6.208244688000001,3,2544.0,0.0,58.0,635.0,1.0,-41.0,2741.0,0.0,265.0,2798.0,1.0,338.0
6.208296836000001,1,1568.0,1.0,-32.0,2046.0,0.0,16.0,3143.0,1.0,-59.0,2574.0,1.0,-32.0
6.224371942,3,2544.0,0.0,56.0,635.0,1.0,-42.0,2741.0,0.0,307.0,2798.0,1.0,282.0
6.2244255100000005,1,1568.0,1.0,-34.0,2046.0,0.0,15.0,3143.0,1.0,-58.0,2574.0,1.0,-34.0
6.240283794000001,3,2544.0,0.0,56.0,635.0,1.0,-42.0,2741.0,1.0,331.0,2798.0,1.0,279.0
6.240335184,1,1568.0,1.0,-33.0,2046.0,0.0,15.0,3143.0,1.0,-57.0,2574.0,1.0,-32.0
6.256248792,3,2544.0,0.0,57.0,635.0,1.0,-42.0,2741.0,1.0,267.0,2798.0,1.0,333.0
6.256302059,1,1568.0,1.0,-33.0,2046.0,0.0,16.0,3143.0,1.0,-58.0,2574.0,1.0,-33.0
6.272319768,3,2544.0,0.0,58.0,635.0,1.0,-42.0,2741.0,1.0,271.0,2798.0,1.0,326.0
6.272380507,1,1568.0,1.0,-33.0,2046.0,0.0,16.0,3143.0,1.0,-57.0,2574.0,1.0,-34.0
6.288467831,3,2544.0,0.0,57.0,635.0,1.0,-42.0,2741.0,0.0,278.0,2798.0,1.0,279.0
6.288519381,1,1568.0,1.0,-33.0,2046.0,0.0,16.0,3143.0,1.0,-58.0,2574.0,1.0,-33.0
6.304382841000001,3,2544.0,0.0,56.0,635.0,1.0,-40.0,2741.0,0.0,283.0,2798.0,1.0,262.0
6.3044349770000006,1,1568.0,1.0,-33.0,2046.0,0.0,17.0,3143.0,1.0,-58.0,2574.0,1.0,-33.0
6.320516467,3,2544.0,1.0,57.0,635.0,1.0,-41.0,2741.0,1.0,289.0,2798.0,1.0,335.0
6.320567287,1,1568.0,1.0,-32.0,2046.0,0.0,16.0,3143.0,1.0,-59.0,2574.0,1.0,-32.0
6.336345133,3,2544.0,1.0,56.0,635.0,1.0,-41.0,2741.0,1.0,306.0,2798.0,1.0,326.0
6.336401715,1,1568.0,1.0,-34.0,2046.0,0.0,17.0,3143.0,1.0,-58.0,2574.0,1.0,-33.0
6.352421328,3,2544.0,0.0,57.0,635.0,1.0,-43.0,2741.0,1.0,325.0,2798.0,1.0,312.0
6.352472580000001,1,1568.0,1.0,-33.0,2046.0,0.0,16.0,3143.0,1.0,-58.0,2574.0,1.0,-33.0
6.368193918,3,2544.0,0.0,57.0,635.0,1.0,-43.0,2741.0,0.0,333.0,2798.0,1.0,261.0
6.368246594,1,1568.0,1.0,-32.0,2046.0,0.0,16.0,3143.0,1.0,-59.0,2574.0,1.0,-33.0
6.3843370450000005,3,2544.0,0.0,57.0,635.0,1.0,-41.0,2741.0,0.0,329.0,2798.0,1.0,326.0
6.384396057,1,1568.0,1.0,-33.0,2046.0,0.0,15.0,3143.0,1.0,-59.0,2574.0,1.0,-33.0
6.4004237360000005,3,2544.0,0.0,57.0,635.0,1.0,-42.0,2741.0,0.0,287.0,2798.0,1.0,313.0
6.400475793,1,1568.0,1.0,-33.0,2046.0,0.0,17.0,3143.0,1.0,-59.0,2574.0,1.0,-33.0
6.416383329,3,2544.0,0.0,58.0,635.0,1.0,-42.0,2741.0,1.0,267.0,2798.0,1.0,331.0
6.416523445,1,1568.0,1.0,-33.0,2046.0,0.0,16.0,3143.0,1.0,-59.0,2574.0,1.0,-33.0
6.432345539000001,3,2544.0,0.0,58.0,635.0,1.0,-42.0,2741.0,1.0,330.0,2798.0,1.0,307.0
6.432403178,1,1568.0,1.0,-32.0,2046.0,0.0,16.0,3143.0,1.0,-59.0,2574.0,1.0,-33.0
6.448335991,3,2544.0,0.0,58.0,635.0,1.0,-41.0,2741.0,0.0,297.0,2798.0,1.0,293.0
6.4483963950000005,1,1568.0,1.0,-32.0,2046.0,0.0,16.0,3143.0,1.0,-57.0,2574.0,1.0,-33.0
6.464373647,3,2544.0,0.0,57.0,635.0,1.0,-42.0,2741.0,1.0,280.0,2798.0,1.0,332.0
6.464430583,1,1568.0,1.0,-33.0,2046.0,0.0,15.0,3143.0,1.0,-58.0,2574.0,1.0,-33.0
6.480360094000001,3,2544.0,0.0,56.0,635.0,1.0,-42.0,2741.0,1.0,295.0,2798.0,1.0,263.0
6.480414443000001,1,1568.0,1.0,-33.0,2046.0,0.0,17.0,3143.0,1.0,-59.0,2574.0,1.0,-34.0
6.4962919580000005,3,2544.0,0.0,57.0,635.0,1.0,-42.0,2741.0,1.0,266.0,2798.0,1.0,310.0
6.4963450190000005,1,1568.0,1.0,-33.0,2046.0,0.0,16.0,3143.0,1.0,-58.0,2574.0,1.0,-32.0
6.5122881040000005,3,2544.0,0.0,57.0,635.0,1.0,-42.0,2741.0,0.0,317.0,2798.0,1.0,327.0
6.512342227,1,1568.0,1.0,-33.0,2046.0,0.0,16.0,3143.0,1.0,-57.0,2574.0,1.0,-33.0
6.5283170010000005,3,2544.0,0.0,57.0,635.0,1.0,-43.0,2741.0,0.0,313.0,2798.0,1.0,264.0
6.5283766960000005,1,1568.0,1.0,-32.0,2046.0,0.0,16.0,3143.0,1.0,-59.0,2574.0,1.0,-33.0
6.54434248,3,2544.0,0.0,57.0,635.0,1.0,-43.0,2741.0,1.0,286.0,2799.0,2.0,307.0
6.544398038000001,1,1568.0,1.0,-33.0,2046.0,0.0,16.0,3143.0,1.0,-58.0,2574.0,1.0,-33.0
6.560310695,3,2544.0,0.0,57.0,635.0,1.0,-43.0,2741.0,1.0,267.0,2799.0,2.0,335.0
6.560369559000001,1,1568.0,1.0,-34.0,2046.0,0.0,17.0,3143.0,1.0,-58.0,2574.0,1.0,-32.0
6.5763788000000005,3,2544.0,0.0,57.0,635.0,1.0,-43.0,2741.0,1.0,271.0,2799.0,1.0,313.0
6.576439728,1,1568.0,1.0,-33.0,2046.0,0.0,16.0,3143.0,1.0,-58.0,2574.0,1.0,-33.0
6.592409293,3,2544.0,0.0,57.0,635.0,1.0,-41.0,2741.0,0.0,283.0,2799.0,1.0,293.0
6.592461315,1,1568.0,1.0,-33.0,2046.0,0.0,16.0,3143.0,1.0,-58.0,2574.0,1.0,-33.0
6.608310207000001,3,2544.0,0.0,57.0,635.0,1.0,-42.0,2741.0,1.0,335.0,2799.0,1.0,277.0
6.6083789710000005,1,1568.0,1.0,-33.0,2046.0,0.0,16.0,3143.0,1.0,-57.0,2574.0,1.0,-33.0
6.624311733000001,3,2544.0,0.0,58.0,635.0,1.0,-43.0,2741.0,1.0,332.0,2799.0,1.0,269.0
6.624372764,1,1568.0,1.0,-35.0,2046.0,0.0,17.0,3143.0,1.0,-59.0,2574.0,1.0,-33.0
6.6403165060000005,3,2544.0,0.0,57.0,635.0,1.0,-43.0,2741.0,0.0,291.0,2799.0,1.0,276.0
6.64037782,1,1568.0,1.0,-33.0,2046.0,0.0,16.0,3143.0,1.0,-59.0,2574.0,1.0,-32.0
6.656283651000001,3,2544.0,0.0,57.0,635.0,1.0,-42.0,2741.0,1.0,304.0,2799.0,1.0,319.0
6.656335751,1,1568.0,1.0,-33.0,2046.0,0.0,17.0,3143.0,1.0,-58.0,2574.0,1.0,-33.0
6.672318034000001,3,2544.0,0.0,58.0,635.0,1.0,-41.0,2741.0,1.0,259.0,2799.0,1.0,272.0
6.6723768660000005,1,1568.0,1.0,-33.0,2046.0,0.0,15.0,3143.0,1.0,-58.0,2574.0,1.0,-33.0
6.688289512000001,3,2544.0,0.0,56.0,635.0,1.0,-42.0,2741.0,0.0,314.0,2799.0,1.0,335.0
6.6883415710000005,1,1568.0,1.0,-33.0,2046.0,0.0,16.0,3143.0,1.0,-59.0,2574.0,1.0,-34.0
6.704296665,3,2544.0,0.0,58.0,635.0,1.0,-41.0,2741.0,1.0,324.0,2800.0,2.0,326.0
6.704349309,1,1568.0,1.0,-32.0,2046.0,0.0,16.0,3143.0,1.0,-58.0,2574.0,1.0,-34.0
6.720334884000001,3,2544.0,0.0,57.0,635.0,1.0,-42.0,2741.0,1.0,330.0,2800.0,2.0,311.0
6.720393369000001,1,1568.0,1.0,-32.0,2046.0,0.0,16.0,3143.0,1.0,-59.0,2574.0,1.0,-33.0
6.736304853,3,2544.0,1.0,56.0,635.0,1.0,-43.0,2741.0,0.0,329.0,2800.0,1.0,264.0
6.7363626100000005,1,1568.0,1.0,-33.0,2046.0,0.0,16.0,3143.0,1.0,-58.0,2574.0,1.0,-33.0
6.752225821000001,3,2544.0,1.0,57.0,635.0,1.0,-44.0,2742.0,1.0,301.0,2800.0,1.0,326.0
6.752278085,1,1568.0,1.0,-33.0,2046.0,0.0,16.0,3143.0,1.0,-58.0,2574.0,1.0,-33.0
6.768326519,3,2544.0,0.0,58.0,635.0,1.0,-42.0,2741.0,1.0,281.0,2800.0,1.0,324.0
6.768385416,1,1568.0,1.0,-33.0,2046.0,0.0,16.0,3143.0,1.0,-58.0,2574.0,1.0,-33.0
6.784289783,3,2544.0,0.0,57.0,635.0,1.0,-42.0,2741.0,0.0,273.0,2800.0,1.0,285.0
6.784345313,1,1568.0,1.0,-33.0,2046.0,0.0,16.0,3143.0,1.0,-59.0,2574.0,1.0,-33.0
6.800296325000001,3,2544.0,0.0,56.0,635.0,1.0,-42.0,2741.0,0.0,272.0,2800.0,1.0,266.0
6.800349178,1,1568.0,1.0,-34.0,2046.0,0.0,16.0,3143.0,1.0,-58.0,2574.0,1.0,-33.0
6.816161320000001,3,2544.0,0.0,56.0,635.0,1.0,-42.0,2741.0,1.0,268.0,2800.0,1.0,298.0
6.816214373,1,1568.0,1.0,-33.0,2046.0,0.0,16.0,3143.0,1.0,-58.0,2574.0,1.0,-33.0
6.832233697,3,2544.0,0.0,57.0,635.0,1.0,-41.0,2741.0,1.0,288.0,2800.0,1.0,332.0
6.832287104000001,1,1568.0,1.0,-33.0,2046.0,0.0,16.0,3143.0,1.0,-58.0,2574.0,1.0,-33.0
6.848303659000001,3,2544.0,0.0,58.0,635.0,1.0,-42.0,2741.0,1.0,337.0,2800.0,1.0,315.0
6.848378769000001,1,1568.0,1.0,-33.0,2046.0,0.0,16.0,3143.0,1.0,-57.0,2574.0,1.0,-33.0
6.864237003,3,2544.0,0.0,56.0,635.0,1.0,-42.0,2741.0,1.0,284.0,2800.0,1.0,263.0
6.8642909350000005,1,1568.0,1.0,-33.0,2046.0,0.0,16.0,3143.0,1.0,-58.0,2574.0,1.0,-33.0
6.880295251000001,3,2544.0,0.0,58.0,635.0,1.0,-42.0,2741.0,0.0,305.0,2800.0,1.0,264.0
6.880348218000001,1,1568.0,1.0,-33.0,2046.0,0.0,16.0,3143.0,1.0,-58.0,2574.0,1.0,-34.0
6.896290465000001,3,2541.0,-1.0,-88.0,638.0,3.0,34.0,2742.0,1.0,334.0,2800.0,1.0,325.0
6.896344937,1,1566.0,-1.0,-304.0,2046.0,0.0,17.0,3142.0,0.0,-257.0,2571.0,-1.0,-222.0
6.912154933,3,2530.0,-19.0,-21.0,646.0,17.0,69.0,2742.0,2.0,314.0,2800.0,1.0,288.0
6.91220963,1,1560.0,-12.0,-301.0,2046.0,0.0,17.0,3141.0,-3.0,-310.0,2560.0,-18.0,-297.0
6.928302578,3,2519.0,-37.0,-50.0,659.0,37.0,72.0,2742.0,2.0,256.0,2801.0,2.0,279.0
6.928364825,1,1551.0,-25.0,-296.0,2046.0,0.0,16.0,3140.0,-4.0,-291.0,2541.0,-50.0,-287.0
6.944362115000001,3,2507.0,-43.0,-40.0,672.0,49.0,43.0,2742.0,1.0,336.0,2804.0,6.0,264.0
6.944415756000001,1,1539.0,-36.0,-299.0,2046.0,0.0,16.0,3137.0,-6.0,-313.0,2519.0,-75.0,-308.0
6.9601809,3,2492.0,-51.0,-31.0,685.0,52.0,53.0,2742.0,1.0,310.0,2807.0,11.0,270.0
6.960233082,1,1527.0,-45.0,-302.0,2046.0,0.0,16.0,3133.0,-12.0,-296.0,2493.0,-91.0,-281.0
6.976227988000001,3,2479.0,-53.0,-31.0,696.0,49.0,64.0,2742.0,1.0,298.0,2810.0,12.0,274.0
6.976279646,1,1516.0,-47.0,-301.0,2046.0,0.0,16.0,3131.0,-13.0,-301.0,2466.0,-102.0,-306.0
6.992245555,3,2467.0,-50.0,-31.0,708.0,47.0,69.0,2742.0,1.0,324.0,2810.0,9.0,270.0
6.992297852,1,1508.0,-40.0,-300.0,2046.0,0.0,16.0,3131.0,-6.0,-301.0,2443.0,-102.0,-302.0
7.008247635,3,2454.0,-50.0,-30.0,719.0,47.0,72.0,2742.0,1.0,326.0,2811.0,5.0,309.0
7.008299178000001,1,1503.0,-30.0,-302.0,2046.0,0.0,16.0,3131.0,0.0,-301.0,2422.0,-93.0,-302.0
7.024260119,3,2441.0,-50.0,-29.0,732.0,49.0,58.0,2743.0,1.0,317.0,2815.0,6.0,282.0
7.024312030000001,1,1497.0,-24.0,-299.0,2046.0,0.0,16.0,3130.0,-1.0,-294.0,2398.0,-89.0,-314.0
7.040260320000001,3,2434.0,-44.0,-67.0,746.0,52.0,57.0,2754.0,14.0,288.0,2833.0,31.0,279.0
7.04031648,1,1482.0,-33.0,-288.0,2047.0,2.0,6.0,3114.0,-21.0,-284.0,2366.0,-104.0,-227.0
7.056259318,3,2426.0,-33.0,-123.0,758.0,53.0,61.0,2777.0,53.0,-52.0,2863.0,80.0,27.0
7.056312387,1,1454.0,-66.0,-287.0,2047.0,2.0,7.0,3083.0,-71.0,-280.0,2328.0,-131.0,-153.0
7.072301498000001,3,2415.0,-34.0,-135.0,771.0,52.0,62.0,2783.0,64.0,-70.0,2874.0,90.0,-15.0
7.07235319,1,1419.0,-110.0,-289.0,2047.0,0.0,15.0,3044.0,-124.0,-289.0,2294.0,-142.0,-129.0
7.088273838,3,2399.0,-48.0,-111.0,784.0,52.0,55.0,2778.0,22.0,-43.0,2871.0,39.0,-53.0
7.088324007000001,1,1384.0,-137.0,-298.0,2047.0,0.0,8.0,2998.0,-158.0,-289.0,2264.0,-133.0,-104.0
7.104414823000001,3,2384.0,-59.0,-64.0,796.0,51.0,57.0,2770.0,-18.0,-62.0,2864.0,-9.0,-40.0
7.104469795000001,1,1348.0,-145.0,-293.0,2048.0,3.0,-2.0,2947.0,-184.0,-282.0,2240.0,-115.0,-125.0
7.120375643,3,2373.0,-55.0,-109.0,808.0,49.0,72.0,2761.0,-30.0,-111.0,2856.0,-26.0,-125.0
7.120432279,1,1302.0,-153.0,-286.0,2048.0,3.0,1.0,2887.0,-212.0,-276.0,2219.0,-97.0,-217.0
7.136268023,3,2362.0,-46.0,-97.0,821.0,49.0,66.0,2748.0,-38.0,-93.0,2843.0,-37.0,-87.0
7.136321741000001,1,1253.0,-174.0,-298.0,2048.0,1.0,0.0,2820.0,-244.0,-260.0,2192.0,-93.0,-145.0
7.152184957,3,2349.0,-46.0,-103.0,834.0,51.0,56.0,2734.0,-48.0,-97.0,2829.0,-49.0,-93.0
7.1522385580000005,1,1204.0,-190.0,-296.0,2047.0,-2.0,12.0,2749.0,-276.0,-3.0,2168.0,-97.0,-166.0
7.168202452,3,2335.0,-51.0,-69.0,846.0,53.0,45.0,2719.0,-55.0,-66.0,2816.0,-52.0,-80.0
7.16828304,1,1153.0,-197.0,-177.0,2048.0,0.0,-5.0,2696.0,-266.0,10.0,2142.0,-99.0,-147.0
7.184203245000001,3,2322.0,-54.0,-70.0,859.0,50.0,46.0,2708.0,-53.0,-108.0,2804.0,-51.0,-77.0
7.184256116,1,1102.0,-202.0,-20.0,2048.0,2.0,-1.0,2675.0,-185.0,-129.0,2116.0,-102.0,-159.0
7.200342877000001,3,2311.0,-50.0,-88.0,871.0,49.0,61.0,2698.0,-45.0,-111.0,2791.0,-50.0,-83.0
7.200406414000001,1,1073.0,-175.0,-75.0,2048.0,2.0,1.0,2658.0,-101.0,-177.0,2093.0,-103.0,-174.0
7.216230713000001,3,2299.0,-46.0,-93.0,884.0,51.0,56.0,2684.0,-46.0,-98.0,2779.0,-49.0,-83.0
7.216283763000001,1,1051.0,-120.0,-129.0,2048.0,1.0,0.0,2636.0,-77.0,-251.0,2067.0,-99.0,-131.0
7.232214206,3,2286.0,-49.0,-81.0,897.0,51.0,66.0,2670.0,-52.0,-106.0,2766.0,-49.0,-77.0
7.232267285000001,1,1032.0,-87.0,-18.0,2049.0,2.0,-14.0,2611.0,-89.0,-191.0,2048.0,-92.0,96.0
7.248208991,3,2273.0,-51.0,-76.0,909.0,50.0,85.0,2658.0,-53.0,-97.0,2754.0,-49.0,-81.0
7.248261404000001,1,1024.0,-66.0,4.0,2048.0,1.0,-12.0,2587.0,-96.0,-119.0,2048.0,-54.0,4.0
7.264207141000001,3,2261.0,-49.0,-100.0,921.0,50.0,65.0,2646.0,-49.0,-93.0,2741.0,-50.0,-60.0
7.264259659,1,1024.0,-29.0,-5.0,2048.0,-1.0,2.0,2561.0,-98.0,-211.0,2048.0,-10.0,2.0
7.280195363000001,3,2249.0,-48.0,-91.0,934.0,51.0,55.0,2635.0,-45.0,-98.0,2729.0,-50.0,-135.0
7.280247511000001,1,1023.0,-5.0,15.0,2047.0,-1.0,6.0,2537.0,-100.0,-169.0,2048.0,0.0,2.0
7.296232003,3,2237.0,-49.0,-93.0,947.0,51.0,65.0,2621.0,-49.0,-101.0,2716.0,-49.0,-70.0
7.296286487000001,1,1025.0,0.0,-10.0,2047.0,-1.0,11.0,2513.0,-97.0,-150.0,2048.0,0.0,-2.0
7.312284172,3,2224.0,-51.0,-92.0,959.0,51.0,61.0,2607.0,-55.0,-60.0,2704.0,-49.0,-79.0
7.31233645,1,1025.0,4.0,-16.0,2049.0,1.0,-14.0,2488.0,-97.0,-143.0,2048.0,1.0,0.0
7.328285089,3,2210.0,-53.0,-55.0,971.0,51.0,71.0,2596.0,-52.0,-76.0,2691.0,-49.0,-83.0
7.3283374310000005,1,1026.0,4.0,-20.0,2048.0,3.0,0.0,2462.0,-100.0,-152.0,2048.0,1.0,0.0
7.344251988000001,3,2199.0,-50.0,-85.0,985.0,51.0,50.0,2584.0,-46.0,-109.0,2679.0,-50.0,-73.0
7.344302617,1,1025.0,1.0,-6.0,2048.0,1.0,-6.0,2437.0,-100.0,-165.0,2048.0,1.0,0.0
7.360296123,3,2187.0,-47.0,-86.0,997.0,51.0,70.0,2572.0,-46.0,-100.0,2666.0,-50.0,-82.0
7.360348655,1,1024.0,-3.0,4.0,2047.0,-1.0,16.0,2412.0,-100.0,-209.0,2048.0,1.0,0.0
7.376224639,3,2175.0,-48.0,-92.0,1009.0,49.0,65.0,2558.0,-50.0,-88.0,2654.0,-49.0,-104.0
7.376275570000001,1,1025.0,0.0,-13.0,2047.0,-2.0,10.0,2386.0,-101.0,-95.0,2048.0,1.0,0.0
7.392128761,3,2161.0,-49.0,-66.0,1021.0,50.0,-2.0,2545.0,-54.0,-93.0,2642.0,-49.0,-75.0
7.392181913000001,1,1025.0,2.0,-9.0,2048.0,1.0,-5.0,2362.0,-100.0,-157.0,2048.0,1.0,0.0
7.408218925000001,3,2149.0,-52.0,-113.0,1025.0,40.0,-6.0,2534.0,-49.0,-110.0,2629.0,-49.0,-106.0
7.408271513000001,1,1026.0,2.0,-24.0,2048.0,3.0,0.0,2337.0,-98.0,-174.0,2048.0,1.0,0.0
7.4241439520000005,3,2138.0,-49.0,-78.0,1025.0,18.0,-8.0,2522.0,-46.0,-104.0,2616.0,-50.0,-85.0
7.424206711,1,1025.0,1.0,-9.0,2048.0,1.0,1.0,2312.0,-99.0,-177.0,2048.0,1.0,0.0
7.44018227,3,2125.0,-47.0,-96.0,1025.0,2.0,-9.0,2509.0,-48.0,-101.0,2603.0,-50.0,-90.0
7.440237745,1,1025.0,-1.0,-10.0,2047.0,-2.0,12.0,2287.0,-100.0,-154.0,2048.0,1.0,0.0
7.456205646000001,3,2111.0,-50.0,-96.0,1026.0,1.0,-9.0,2495.0,-51.0,-79.0,2590.0,-50.0,-83.0
7.456259242000001,1,1025.0,0.0,-10.0,2047.0,-2.0,10.0,2261.0,-102.0,-168.0,2048.0,1.0,0.0
7.472185072,3,2099.0,-52.0,-83.0,1026.0,2.0,-18.0,2482.0,-53.0,-79.0,2577.0,-50.0,-84.0
7.472236301000001,1,1025.0,0.0,-11.0,2049.0,3.0,-16.0,2235.0,-102.0,-163.0,2048.0,1.0,0.0
7.488233267,3,2087.0,-51.0,-70.0,1025.0,1.0,-7.0,2471.0,-49.0,-114.0,2566.0,-50.0,-82.0
7.488287105,1,1025.0,0.0,-8.0,2048.0,3.0,0.0,2210.0,-99.0,-145.0,2048.0,1.0,0.0
7.504255248000001,3,2075.0,-48.0,-96.0,1025.0,-1.0,-9.0,2458.0,-47.0,-108.0,2552.0,-48.0,-82.0
7.50430985,1,1025.0,0.0,-8.0,2048.0,-1.0,0.0,2185.0,-98.0,-144.0,2048.0,1.0,0.0
7.520216143000001,3,2063.0,-47.0,-86.0,1026.0,1.0,-25.0,2446.0,-48.0,-84.0,2539.0,-49.0,-73.0
7.5202749440000005,1,1025.0,0.0,-10.0,2048.0,0.0,0.0,2160.0,-99.0,-139.0,2048.0,1.0,0.0
7.536242373,3,2051.0,-48.0,80.0,1025.0,1.0,-9.0,2432.0,-50.0,-88.0,2527.0,-50.0,-81.0
7.536296918000001,1,1025.0,0.0,-10.0,2048.0,0.0,0.0,2135.0,-100.0,-172.0,2048.0,1.0,0.0
7.552195101000001,3,2048.0,-35.0,16.0,1025.0,-1.0,-7.0,2419.0,-52.0,-66.0,2514.0,-51.0,-69.0
7.552248049,1,1025.0,0.0,-8.0,2048.0,0.0,-1.0,2110.0,-100.0,-163.0,2048.0,1.0,0.0
7.568149676000001,3,2047.0,-16.0,22.0,1025.0,0.0,-9.0,2407.0,-52.0,-84.0,2502.0,-50.0,-73.0
7.56820433,1,1025.0,0.0,-9.0,2048.0,0.0,0.0,2086.0,-98.0,-159.0,2048.0,1.0,0.0
7.584256238,3,2049.0,-1.0,-5.0,1025.0,1.0,-10.0,2397.0,-45.0,-112.0,2489.0,-48.0,-84.0
7.584309978,1,1025.0,0.0,-9.0,2048.0,1.0,0.0,2059.0,-99.0,-95.0,2048.0,1.0,0.0
7.600242357000001,3,2051.0,6.0,-15.0,1025.0,1.0,-10.0,2383.0,-45.0,-99.0,2477.0,-49.0,-96.0
7.600294553,1,1024.0,-1.0,5.0,2048.0,1.0,0.0,2046.0,-91.0,25.0,2048.0,1.0,0.0
7.616224692,3,2050.0,4.0,-10.0,1025.0,1.0,-12.0,2371.0,-51.0,-90.0,2464.0,-49.0,-77.0
7.616275451000001,1,1023.0,-3.0,14.0,2048.0,1.0,0.0,2046.0,-45.0,20.0,2048.0,1.0,0.0
7.632284692000001,3,2049.0,-1.0,7.0,1025.0,1.0,-15.0,2356.0,-53.0,-76.0,2452.0,-50.0,-92.0
7.632336768,1,1023.0,-2.0,10.0,2048.0,1.0,0.0,2046.0,-5.0,19.0,2048.0,1.0,0.0
7.648142893,3,2049.0,-2.0,2.0,1025.0,1.0,-8.0,2345.0,-52.0,-80.0,2439.0,-49.0,-83.0
7.648195434000001,1,1023.0,0.0,8.0,2048.0,1.0,0.0,2046.0,0.0,19.0,2048.0,1.0,0.0
7.664119081000001,3,2049.0,0.0,1.0,1025.0,0.0,-10.0,2334.0,-47.0,-97.0,2427.0,-49.0,-94.0
7.664171906000001,1,1025.0,3.0,-18.0,2048.0,1.0,0.0,2047.0,2.0,2.0,2048.0,1.0,0.0
7.680127481,3,2050.0,2.0,-13.0,1025.0,0.0,-9.0,2321.0,-46.0,-90.0,2415.0,-49.0,-99.0
7.680179280000001,1,1025.0,4.0,-14.0,2048.0,1.0,0.0,2048.0,3.0,-14.0,2048.0,1.0,0.0
7.696236779,3,2050.0,2.0,-10.0,1025.0,1.0,-9.0,2308.0,-50.0,-89.0,2402.0,-50.0,-81.0
7.696291143000001,1,1025.0,2.0,-9.0,2048.0,1.0,0.0,2047.0,2.0,12.0,2048.0,1.0,0.0
7.712179231,3,2050.0,1.0,5.0,1025.0,1.0,-12.0,2295.0,-51.0,-85.0,2389.0,-50.0,-83.0
7.712232881,1,1023.0,-2.0,17.0,2048.0,1.0,0.0,2047.0,0.0,5.0,2048.0,1.0,0.0
7.728175288,3,2049.0,0.0,-2.0,1025.0,0.0,-10.0,2282.0,-52.0,-79.0,2376.0,-50.0,-93.0
7.728227051,1,1024.0,-3.0,13.0,2048.0,1.0,0.0,2047.0,0.0,9.0,2048.0,1.0,0.0
7.744190099000001,3,2050.0,0.0,-12.0,1025.0,0.0,-10.0,2271.0,-50.0,-108.0,2364.0,-50.0,-85.0
7.744244782000001,1,1024.0,0.0,-3.0,2048.0,1.0,0.0,2047.0,0.0,8.0,2048.0,1.0,0.0
7.760181775,3,2050.0,1.0,-10.0,1025.0,0.0,-9.0,2258.0,-47.0,-113.0,2352.0,-48.0,-97.0
7.760233846,1,1025.0,3.0,-17.0,2048.0,1.0,0.0,2047.0,0.0,10.0,2048.0,1.0,0.0
7.776174204,3,2050.0,1.0,-8.0,1025.0,0.0,-9.0,2245.0,-49.0,-99.0,2340.0,-49.0,-93.0
7.776228680000001,1,1025.0,3.0,-12.0,2048.0,1.0,0.0,2048.0,1.0,-3.0,2048.0,1.0,0.0
7.792252726,3,2050.0,1.0,-10.0,1025.0,0.0,-10.0,2233.0,-51.0,-90.0,2327.0,-50.0,-80.0
7.792304260000001,1,1025.0,2.0,-11.0,2048.0,1.0,0.0,2048.0,2.0,-3.0,2048.0,1.0,0.0
7.808326527,3,2049.0,0.0,-12.0,1025.0,0.0,-11.0,2221.0,-50.0,-90.0,2315.0,-50.0,-75.0
7.808384172,1,1024.0,0.0,1.0,2048.0,1.0,0.0,2047.0,0.0,8.0,2048.0,1.0,0.0
7.824172177,3,2050.0,0.0,-11.0,1025.0,0.0,-9.0,2209.0,-48.0,-90.0,2301.0,-49.0,-95.0
7.824225309000001,1,1024.0,-1.0,2.0,2048.0,1.0,0.0,2047.0,-1.0,7.0,2048.0,1.0,0.0
7.8402514530000005,3,2050.0,2.0,-8.0,1025.0,0.0,-9.0,2197.0,-48.0,-71.0,2289.0,-49.0,-77.0
7.8403044390000005,1,1024.0,0.0,-1.0,2048.0,1.0,0.0,2047.0,0.0,8.0,2048.0,1.0,0.0
7.856271067000001,3,2050.0,1.0,-9.0,1025.0,0.0,-9.0,2184.0,-49.0,-116.0,2276.0,-49.0,-105.0
7.856324584,1,1025.0,1.0,-16.0,2048.0,1.0,0.0,2047.0,0.0,7.0,2048.0,1.0,0.0
7.872273142,3,2050.0,1.0,-9.0,1025.0,0.0,-9.0,2172.0,-50.0,-85.0,2264.0,-50.0,-79.0
7.87232525,1,1025.0,2.0,-11.0,2048.0,1.0,0.0,2047.0,0.0,8.0,2048.0,1.0,0.0
7.888233828000001,3,2050.0,1.0,-9.0,1025.0,0.0,-10.0,2159.0,-51.0,-88.0,2251.0,-50.0,-97.0
7.888284885000001,1,1025.0,1.0,3.0,2048.0,1.0,0.0,2047.0,0.0,9.0,2048.0,1.0,0.0
7.904261383000001,1,1024.0,-1.0,5.0,2048.0,1.0,0.0,2047.0,0.0,5.0,2048.0,1.0,0.0
7.9043849250000005,3,2050.0,1.0,-9.0,1025.0,0.0,-8.0,2146.0,-50.0,-89.0,2239.0,-49.0,-93.0
7.920141877000001,3,2050.0,1.0,-10.0,1025.0,0.0,-9.0,2134.0,-49.0,-91.0,2226.0,-49.0,-103.0
7.920191948,1,1024.0,-1.0,3.0,2048.0,1.0,0.0,2047.0,0.0,10.0,2048.0,1.0,0.0
7.936234548000001,3,2050.0,1.0,-10.0,1025.0,0.0,-8.0,2122.0,-49.0,-95.0,2213.0,-50.0,-76.0
7.9362859740000005,1,1024.0,0.0,0.0,2048.0,1.0,0.0,2047.0,0.0,6.0,2048.0,1.0,0.0
7.952214627000001,3,2050.0,1.0,-10.0,1025.0,0.0,-9.0,2108.0,-48.0,-110.0,2201.0,-50.0,-95.0
7.952265866,1,1024.0,1.0,-6.0,2048.0,1.0,0.0,2047.0,0.0,10.0,2048.0,1.0,0.0
7.968208998000001,3,2050.0,1.0,-8.0,1025.0,0.0,-9.0,2096.0,-49.0,-90.0,2188.0,-49.0,-93.0
7.968262955,1,1024.0,1.0,3.0,2048.0,1.0,0.0,2047.0,0.0,10.0,2048.0,1.0,0.0
7.984134491000001,3,2050.0,1.0,-7.0,1025.0,0.0,-9.0,2083.0,-49.0,-102.0,2175.0,-50.0,-72.0
7.984187739,1,1024.0,0.0,-1.0,2048.0,1.0,0.0,2047.0,0.0,11.0,2048.0,1.0,0.0
8.000628213,3,2050.0,1.0,-9.0,1025.0,0.0,-10.0,2070.0,-50.0,-91.0,2162.0,-50.0,-77.0
8.000682449000001,1,1024.0,0.0,1.0,2048.0,1.0,0.0,2047.0,0.0,7.0,2048.0,1.0,0.0
8.016258486,3,2050.0,1.0,-10.0,1025.0,0.0,-8.0,2058.0,-51.0,-70.0,2150.0,-49.0,-107.0
8.01637584,1,1024.0,0.0,-2.0,2048.0,1.0,0.0,2047.0,0.0,8.0,2048.0,1.0,0.0
8.032172574,3,2049.0,0.0,10.0,1024.0,0.0,8.0,2050.0,-45.0,-9.0,2137.0,-49.0,-87.0
8.032224761,1,1024.0,1.0,0.0,2048.0,1.0,0.0,2047.0,0.0,5.0,2048.0,1.0,0.0
8.048304725000001,3,2048.0,-3.0,15.0,1024.0,-1.0,1.0,2049.0,-25.0,-2.0,2125.0,-50.0,-79.0
8.048364179,1,1024.0,1.0,-2.0,2048.0,1.0,0.0,2047.0,0.0,7.0,2048.0,1.0,0.0
8.064282825000001,3,2049.0,-2.0,-1.0,1024.0,-1.0,0.0,2049.0,-6.0,-8.0,2113.0,-50.0,-72.0
8.064348075,1,1024.0,0.0,0.0,2048.0,1.0,0.0,2047.0,0.0,8.0,2048.0,1.0,0.0
8.080336548,1,1024.0,0.0,0.0,2048.0,1.0,0.0,2047.0,0.0,4.0,2048.0,1.0,0.0
8.080518600000001,3,2050.0,3.0,-14.0,1024.0,0.0,2.0,2049.0,0.0,-11.0,2100.0,-49.0,-125.0
8.096234611,3,2050.0,3.0,-10.0,1024.0,0.0,0.0,2050.0,1.0,12.0,2088.0,-50.0,-87.0
8.096344534,1,1024.0,0.0,0.0,2048.0,1.0,0.0,2047.0,0.0,11.0,2048.0,1.0,0.0
8.112282914,3,2050.0,1.0,-10.0,1024.0,0.0,0.0,2049.0,0.0,-10.0,2075.0,-50.0,-93.0
8.112383495000001,1,1024.0,0.0,0.0,2048.0,1.0,0.0,2047.0,0.0,6.0,2048.0,1.0,0.0
8.128273092,3,2049.0,0.0,4.0,1024.0,0.0,0.0,2049.0,0.0,-10.0,2063.0,-49.0,-80.0
8.128478773000001,1,1024.0,0.0,0.0,2048.0,1.0,0.0,2047.0,0.0,8.0,2048.0,1.0,0.0
8.144202510000001,3,2050.0,0.0,-15.0,1024.0,0.0,0.0,2049.0,0.0,-7.0,2051.0,-49.0,49.0
8.144284828,1,1024.0,0.0,0.0,2048.0,1.0,0.0,2047.0,0.0,6.0,2048.0,1.0,0.0
8.160182713000001,3,2050.0,1.0,-12.0,1024.0,0.0,0.0,2049.0,0.0,-6.0,2050.0,-33.0,-4.0
8.160269709000001,1,1024.0,0.0,0.0,2048.0,1.0,0.0,2047.0,0.0,10.0,2048.0,1.0,0.0
8.176344352000001,3,2050.0,1.0,-2.0,1024.0,0.0,0.0,2049.0,0.0,-9.0,2050.0,-9.0,-8.0
8.176408957000001,1,1024.0,0.0,0.0,2048.0,1.0,0.0,2047.0,0.0,11.0,2048.0,1.0,0.0
8.192361627,3,2050.0,1.0,-13.0,1024.0,0.0,0.0,2049.0,0.0,-12.0,2050.0,-1.0,-10.0
8.192415366,1,1024.0,0.0,0.0,2048.0,1.0,0.0,2047.0,0.0,5.0,2048.0,1.0,0.0
8.208416193,3,2049.0,1.0,-4.0,1024.0,0.0,0.0,2049.0,0.0,-9.0,2050.0,0.0,-9.0
8.208477006,1,1024.0,0.0,0.0,2048.0,1.0,0.0,2047.0,0.0,7.0,2048.0,1.0,0.0
8.224416677,3,2050.0,1.0,-14.0,1024.0,0.0,0.0,2049.0,0.0,-8.0,2050.0,0.0,-10.0
8.224476466,1,1024.0,0.0,0.0,2048.0,1.0,0.0,2047.0,0.0,10.0,2048.0,1.0,0.0
8.240278568,1,1024.0,0.0,0.0,2048.0,1.0,0.0,2047.0,0.0,10.0,2048.0,1.0,0.0
8.240398881,3,2050.0,1.0,9.0,1024.0,0.0,0.0,2049.0,0.0,-12.0,2050.0,0.0,-10.0
8.256246382,3,2050.0,1.0,-12.0,1024.0,0.0,0.0,2049.0,0.0,-6.0,2050.0,0.0,-8.0
8.256297612000001,1,1024.0,0.0,0.0,2048.0,1.0,0.0,2047.0,0.0,8.0,2048.0,1.0,0.0
8.272228421000001,3,2050.0,1.0,-6.0,1024.0,0.0,0.0,2049.0,0.0,-12.0,2050.0,0.0,-9.0
8.272280146,1,1024.0,0.0,0.0,2048.0,1.0,0.0,2047.0,0.0,7.0,2048.0,1.0,0.0
8.288211949,3,2050.0,1.0,-11.0,1024.0,0.0,0.0,2049.0,0.0,-8.0,2050.0,0.0,-9.0
8.288272798000001,1,1024.0,0.0,0.0,2048.0,1.0,0.0,2047.0,0.0,9.0,2048.0,1.0,0.0
8.304092164,3,2050.0,0.0,1.0,1024.0,0.0,0.0,2049.0,1.0,-8.0,2050.0,0.0,-11.0
8.304143983000001,1,1024.0,0.0,0.0,2048.0,1.0,0.0,2047.0,0.0,6.0,2048.0,1.0,0.0
8.320192067,3,2050.0,0.0,-9.0,1024.0,0.0,0.0,2049.0,1.0,-12.0,2050.0,1.0,-10.0
8.320245647,1,1024.0,0.0,0.0,2048.0,1.0,0.0,2047.0,0.0,10.0,2048.0,1.0,0.0
8.336104651000001,3,2050.0,0.0,-7.0,1024.0,0.0,0.0,2049.0,0.0,-8.0,2050.0,1.0,-17.0
8.336161397,1,1024.0,0.0,0.0,2048.0,1.0,0.0,2047.0,0.0,12.0,2048.0,1.0,0.0
8.35199953,3,2050.0,0.0,-11.0,1024.0,0.0,0.0,2049.0,0.0,-6.0,2050.0,0.0,-10.0
8.352094984,1,1024.0,0.0,0.0,2048.0,1.0,0.0,2047.0,0.0,8.0,2048.0,1.0,0.0
8.368546318,3,2050.0,1.0,-10.0,1024.0,0.0,0.0,2049.0,0.0,-12.0,2050.0,0.0,-9.0
8.368616513000001,1,1024.0,0.0,0.0,2048.0,1.0,0.0,2047.0,0.0,8.0,2048.0,1.0,0.0
8.384381441,3,2050.0,1.0,-10.0,1024.0,0.0,0.0,2049.0,0.0,-6.0,2050.0,0.0,-9.0
8.384431877,1,1024.0,0.0,0.0,2048.0,1.0,0.0,2047.0,0.0,7.0,2048.0,1.0,0.0
8.400227661,3,2050.0,1.0,-10.0,1024.0,0.0,0.0,2049.0,0.0,-12.0,2050.0,0.0,-10.0
8.400279003000001,1,1024.0,0.0,0.0,2048.0,1.0,0.0,2047.0,0.0,9.0,2048.0,1.0,0.0
8.41619839,3,2050.0,1.0,-11.0,1024.0,0.0,0.0,2049.0,0.0,-13.0,2050.0,0.0,-9.0
8.416247873,1,1024.0,0.0,0.0,2048.0,1.0,0.0,2047.0,0.0,8.0,2048.0,1.0,0.0
8.432137501,3,2050.0,1.0,-10.0,1024.0,0.0,0.0,2049.0,0.0,-7.0,2050.0,0.0,-8.0
8.43218816,1,1024.0,0.0,0.0,2048.0,1.0,0.0,2047.0,0.0,8.0,2048.0,1.0,0.0
8.448165598000001,3,2050.0,0.0,-11.0,1024.0,0.0,0.0,2049.0,0.0,-10.0,2050.0,0.0,-10.0
8.448215186,1,1024.0,0.0,0.0,2048.0,1.0,0.0,2047.0,0.0,10.0,2048.0,1.0,0.0
8.464034142000001,3,2050.0,0.0,-8.0,1024.0,0.0,0.0,2049.0,0.0,-12.0,2050.0,0.0,-9.0
8.464099007,1,1024.0,0.0,0.0,2048.0,1.0,0.0,2047.0,0.0,10.0,2048.0,1.0,0.0
8.480246455000001,3,2050.0,1.0,-10.0,1024.0,0.0,0.0,2049.0,0.0,-10.0,2050.0,0.0,-9.0
8.480325458000001,1,1024.0,0.0,0.0,2048.0,1.0,0.0,2047.0,0.0,6.0,2048.0,1.0,0.0
8.496047565000001,1,1024.0,0.0,0.0,2048.0,1.0,0.0,2047.0,0.0,8.0,2048.0,1.0,0.0
8.496139613,3,2050.0,1.0,-11.0,1024.0,0.0,0.0,2049.0,0.0,-6.0,2050.0,0.0,-9.0
8.512136192,3,2050.0,0.0,-2.0,1024.0,0.0,0.0,2049.0,0.0,-9.0,2050.0,0.0,-10.0
8.512189003000001,1,1024.0,0.0,0.0,2048.0,1.0,0.0,2047.0,0.0,5.0,2048.0,1.0,0.0
8.528181056000001,3,2050.0,0.0,-10.0,1024.0,0.0,0.0,2049.0,0.0,-13.0,2050.0,0.0,-10.0
8.528238744000001,1,1024.0,0.0,0.0,2048.0,1.0,0.0,2047.0,0.0,5.0,2048.0,1.0,0.0
8.544120982,3,2050.0,1.0,-10.0,1024.0,0.0,0.0,2049.0,0.0,-6.0,2050.0,0.0,-9.0
8.544171622,1,1024.0,0.0,0.0,2048.0,1.0,0.0,2047.0,0.0,6.0,2048.0,1.0,0.0
8.560019166,3,2050.0,1.0,-7.0,1024.0,0.0,0.0,2049.0,0.0,-7.0,2050.0,0.0,-9.0
8.56007216,1,1024.0,0.0,0.0,2048.0,1.0,0.0,2047.0,0.0,9.0,2048.0,1.0,0.0
8.575998648,3,2050.0,1.0,-10.0,1024.0,0.0,0.0,2049.0,1.0,-11.0,2050.0,0.0,-9.0
8.576049449000001,1,1024.0,0.0,0.0,2048.0,1.0,-1.0,2047.0,0.0,8.0,2048.0,1.0,0.0
8.592013855000001,3,2050.0,1.0,-11.0,1024.0,0.0,0.0,2049.0,1.0,-6.0,2050.0,0.0,-9.0
8.592064874,1,1024.0,0.0,0.0,2048.0,1.0,0.0,2047.0,0.0,5.0,2048.0,1.0,0.0
8.608143597,3,2050.0,1.0,-9.0,1024.0,0.0,0.0,2049.0,0.0,-12.0,2050.0,0.0,-9.0
8.60819476,1,1024.0,0.0,0.0,2048.0,0.0,0.0,2047.0,0.0,8.0,2048.0,1.0,0.0
8.624060804,3,2050.0,1.0,-10.0,1024.0,0.0,0.0,2049.0,0.0,-10.0,2050.0,0.0,-10.0
8.624112101,1,1024.0,0.0,0.0,2048.0,0.0,0.0,2047.0,0.0,4.0,2048.0,1.0,0.0
8.639988085,3,2050.0,1.0,-8.0,1024.0,0.0,0.0,2049.0,0.0,-10.0,2050.0,0.0,-10.0
8.640038146,1,1024.0,0.0,0.0,2048.0,0.0,0.0,2047.0,0.0,5.0,2048.0,1.0,0.0
8.656154228,3,2050.0,1.0,-8.0,1024.0,0.0,0.0,2049.0,0.0,-11.0,2050.0,0.0,-11.0
8.656207152,1,1024.0,0.0,0.0,2048.0,0.0,0.0,2047.0,0.0,6.0,2048.0,1.0,0.0
8.672095323,3,2050.0,1.0,-8.0,1024.0,0.0,0.0,2049.0,0.0,-11.0,2050.0,0.0,-10.0
8.672146773,1,1024.0,0.0,0.0,2048.0,0.0,0.0,2047.0,0.0,10.0,2048.0,1.0,0.0
8.687988125,3,2050.0,0.0,-9.0,1024.0,0.0,0.0,2049.0,0.0,-12.0,2050.0,0.0,-8.0
8.688037959,1,1024.0,0.0,0.0,2048.0,0.0,0.0,2047.0,0.0,9.0,2048.0,1.0,0.0
8.703978203,3,2050.0,0.0,-9.0,1024.0,0.0,0.0,2049.0,0.0,-6.0,2050.0,0.0,-10.0
8.704028240000001,1,1024.0,0.0,0.0,2048.0,0.0,0.0,2047.0,0.0,5.0,2048.0,1.0,0.0
8.719949640000001,3,2050.0,1.0,-9.0,1024.0,0.0,0.0,2049.0,0.0,-7.0,2050.0,1.0,-10.0
8.720036261,1,1024.0,0.0,0.0,2048.0,0.0,0.0,2047.0,0.0,10.0,2048.0,1.0,0.0
8.735947383000001,3,2050.0,1.0,-11.0,1024.0,0.0,0.0,2049.0,0.0,-7.0,2050.0,1.0,-10.0
8.735999761,1,1024.0,0.0,0.0,2048.0,0.0,0.0,2047.0,0.0,6.0,2048.0,1.0,0.0
8.751947199,3,2050.0,1.0,-10.0,1024.0,0.0,0.0,2049.0,0.0,-13.0,2050.0,0.0,-10.0
8.75199928,1,1024.0,0.0,0.0,2048.0,0.0,0.0,2047.0,0.0,10.0,2048.0,1.0,0.0
8.768006351,3,2050.0,1.0,-10.0,1024.0,0.0,0.0,2049.0,0.0,-8.0,2050.0,0.0,-8.0
8.768058244,1,1024.0,0.0,0.0,2048.0,0.0,0.0,2047.0,0.0,6.0,2048.0,1.0,0.0
8.783975019,3,2050.0,1.0,-9.0,1024.0,0.0,0.0,2049.0,0.0,-6.0,2050.0,0.0,-8.0
8.784026626000001,1,1024.0,0.0,0.0,2048.0,0.0,0.0,2047.0,0.0,9.0,2048.0,1.0,0.0
8.800114933,3,2050.0,1.0,-9.0,1024.0,0.0,0.0,2049.0,0.0,-10.0,2050.0,0.0,-10.0
8.800167004,1,1024.0,0.0,0.0,2048.0,0.0,0.0,2047.0,0.0,5.0,2048.0,1.0,0.0
8.815949415,3,2049.0,0.0,-9.0,1024.0,0.0,0.0,2049.0,0.0,-7.0,2050.0,0.0,-9.0
8.815998699,1,1024.0,0.0,0.0,2048.0,0.0,0.0,2047.0,0.0,12.0,2048.0,1.0,0.0
8.832035406000001,3,2050.0,0.0,-11.0,1024.0,0.0,0.0,2049.0,0.0,-10.0,2050.0,1.0,-20.0
8.83208639,1,1024.0,0.0,0.0,2048.0,0.0,0.0,2047.0,0.0,7.0,2048.0,1.0,0.0
8.84789247,3,2050.0,1.0,-7.0,1024.0,0.0,0.0,2049.0,0.0,-11.0,2050.0,1.0,-10.0
8.847943482,1,1024.0,0.0,0.0,2048.0,0.0,0.0,2047.0,0.0,8.0,2048.0,1.0,0.0
8.863951997000001,3,2050.0,1.0,-9.0,1024.0,0.0,0.0,2049.0,0.0,-12.0,2050.0,0.0,-10.0
8.864002525,1,1024.0,0.0,0.0,2048.0,0.0,0.0,2047.0,0.0,7.0,2048.0,1.0,0.0
8.880011516,3,2050.0,1.0,-9.0,1024.0,0.0,0.0,2049.0,0.0,-6.0,2050.0,0.0,-10.0
8.880063787000001,1,1024.0,0.0,0.0,2048.0,0.0,0.0,2047.0,0.0,10.0,2048.0,1.0,0.0
8.895957600000001,3,2050.0,1.0,-9.0,1024.0,0.0,0.0,2049.0,0.0,-5.0,2050.0,0.0,-9.0
8.896008054000001,1,1024.0,0.0,0.0,2048.0,0.0,0.0,2047.0,0.0,10.0,2048.0,1.0,0.0
8.912011170000001,3,2050.0,0.0,-11.0,1024.0,0.0,0.0,2049.0,0.0,-7.0,2050.0,0.0,-8.0
8.912065352,1,1024.0,0.0,0.0,2048.0,0.0,0.0,2047.0,0.0,10.0,2048.0,1.0,0.0
8.928036635,3,2050.0,0.0,-7.0,1024.0,0.0,0.0,2049.0,0.0,-12.0,2050.0,0.0,-10.0
8.928126127,1,1024.0,0.0,0.0,2048.0,0.0,0.0,2047.0,0.0,6.0,2048.0,1.0,0.0
8.94404892,3,2050.0,1.0,-9.0,1024.0,0.0,0.0,2049.0,0.0,-9.0,2050.0,0.0,-10.0
8.944142201,1,1024.0,0.0,0.0,2048.0,0.0,0.0,2047.0,0.0,8.0,2048.0,1.0,0.0
8.960159968000001,3,2050.0,1.0,-11.0,1024.0,0.0,0.0,2049.0,0.0,-9.0,2050.0,0.0,-10.0
8.960267522,1,1024.0,0.0,0.0,2048.0,0.0,0.0,2047.0,1.0,8.0,2048.0,1.0,0.0
8.976023099,3,2050.0,1.0,-9.0,1024.0,0.0,0.0,2049.0,0.0,-9.0,2050.0,0.0,-10.0
8.976085612,1,1024.0,0.0,0.0,2048.0,0.0,0.0,2047.0,1.0,11.0,2048.0,1.0,0.0
8.991913953000001,3,2050.0,1.0,-8.0,1024.0,0.0,0.0,2049.0,0.0,-11.0,2050.0,0.0,-10.0
8.991964472000001,1,1024.0,0.0,0.0,2048.0,0.0,0.0,2047.0,1.0,8.0,2048.0,1.0,0.0
9.007966378,3,2050.0,1.0,-10.0,1024.0,0.0,0.0,2049.0,0.0,-6.0,2050.0,0.0,-9.0
9.008016796,1,1024.0,0.0,0.0,2048.0,0.0,0.0,2047.0,1.0,5.0,2048.0,1.0,0.0
9.023881655,3,2050.0,1.0,-9.0,1024.0,0.0,0.0,2049.0,0.0,-7.0,2050.0,0.0,-10.0
9.023931263,1,1024.0,0.0,0.0,2048.0,0.0,0.0,2047.0,1.0,6.0,2048.0,1.0,0.0
9.039959319000001,3,2050.0,1.0,-9.0,1024.0,0.0,0.0,2049.0,0.0,-4.0,2050.0,0.0,-9.0
9.040009462,1,1024.0,0.0,0.0,2048.0,0.0,0.0,2047.0,1.0,6.0,2048.0,1.0,0.0
9.055980134,3,2050.0,1.0,-8.0,1024.0,0.0,0.0,2050.0,1.0,-16.0,2050.0,0.0,-10.0
9.056036891,1,1024.0,0.0,0.0,2048.0,0.0,0.0,2047.0,1.0,8.0,2048.0,1.0,0.0
9.071893031,3,2050.0,1.0,-9.0,1024.0,0.0,0.0,2049.0,1.0,-27.0,2050.0,0.0,-8.0
9.07194291,1,1024.0,0.0,0.0,2048.0,0.0,0.0,2047.0,0.0,9.0,2048.0,1.0,0.0
9.088063228000001,3,2050.0,0.0,-10.0,1024.0,0.0,0.0,2049.0,0.0,-12.0,2050.0,0.0,-10.0
9.088113129,1,1024.0,0.0,0.0,2048.0,0.0,0.0,2047.0,0.0,10.0,2048.0,1.0,0.0
9.104008952000001,3,2050.0,0.0,-7.0,1024.0,0.0,0.0,2049.0,0.0,-8.0,2050.0,0.0,-10.0
9.104062923,1,1024.0,0.0,0.0,2048.0,0.0,0.0,2047.0,1.0,9.0,2048.0,1.0,0.0
9.120109789,3,2050.0,1.0,-10.0,1024.0,0.0,0.0,2049.0,0.0,-9.0,2050.0,0.0,-9.0
9.120165544,1,1024.0,0.0,0.0,2048.0,0.0,0.0,2047.0,1.0,9.0,2048.0,1.0,0.0
9.136077236,3,2050.0,1.0,-8.0,1024.0,0.0,0.0,2049.0,0.0,-9.0,2050.0,0.0,-8.0
9.136129809,1,1024.0,0.0,0.0,2048.0,0.0,0.0,2047.0,1.0,8.0,2048.0,1.0,0.0
