Timestamp,Motor1,Motor2,Motor3,Motor4
0.32014994500000005,0,0,0,0
0.35061439800000005,0,0,0,0
0.401474892,0,0,0,0
0.456449847,0,0,0,0
0.52054045,0,0,0,0
0.555084384,0,0,0,0
0.581179223,0,0,0,0
0.6012722300000001,0,0,0,0
0.6325630790000001,0,0,0,0
0.661845301,0,0,0,0
0.686172577,0,0,0,0
0.712146244,0,0,0,0
0.736851997,0,0,0,0
0.762243674,0,0,0,0
0.7784055860000001,0,0,0,0
0.795639231,0,0,0,0
0.8091465050000001,0,0,0,0
0.8282057820000001,0,0,0,0
0.8556636870000001,0,0,0,0
0.8824603520000001,0,0,0,0
0.897208077,0,0,0,0
0.9238303630000001,0,0,0,0
0.9480255710000001,0,0,0,0
0.9741550720000001,0,0,0,0
0.9988952820000001,0,0,0,0
1.013024795,0,0,0,0
1.0384287030000001,0,0,0,0
1.0637522270000002,0,0,0,0
1.091753389,0,0,0,0
1.1190266610000001,0,0,0,0
1.147677526,0,0,0,0
1.1632817370000001,0,0,0,0
1.200323854,0,0,0,0
1.2286274300000002,0,0,0,0
1.2421366660000002,0,0,0,0
1.264393917,0,0,0,0
1.2863840450000001,0,0,0,0
1.304148043,0,0,0,0
1.3257630230000002,0,0,0,0
1.348450396,0,0,0,0
1.364721611,0,0,0,0
1.387613087,0,0,0,0
1.405759946,0,0,0,0
1.419187577,0,0,0,0
1.4375427980000002,0,-2,0,0
1.462582843,0,2,0,0
1.482634943,0,0,0,0
1.502898134,0,0,0,0
1.518881876,0,0,0,0
1.539380951,0,0,0,0
1.573738687,0,0,0,0
1.5881497,0,0,0,0
1.6345549430000001,0,0,0,0
1.659321212,0,0,0,0
1.6823233620000002,0,0,0,0
1.7028325830000002,0,0,0,0
1.716305103,0,0,0,0
1.738249291,0,0,0,0
1.753608768,0,0,0,0
1.766654889,0,0,0,0
1.780064654,0,0,0,0
1.8047168130000002,0,0,0,0
1.8294759420000002,0,0,0,0
1.846187733,0,0,0,0
1.864482173,0,0,0,0
1.88817458,0,0,0,0
1.901380979,0,0,0,0
1.9152082410000002,0,0,0,0
1.930844191,0,0,0,0
1.949092201,0,0,0,0
1.9668696600000002,0,0,0,0
1.9969207660000001,0,0,0,0
2.014793281,0,0,0,0
2.040783619,0,0,0,0
2.065706418,0,0,0,0
2.079574284,0,0,0,0
2.095479312,0,0,0,0
2.12081316,0,0,0,0
2.1456643260000003,0,0,0,0
2.169045521,0,0,0,0
2.192045635,0,3,0,0
2.21548598,0,2,0,0
2.2401361690000003,0,-1,0,0
2.25481473,0,0,0,0
2.2822396350000003,0,0,0,0
2.2986388950000003,0,0,0,0
2.322056255,0,0,0,0
2.3518290420000003,0,0,0,0
2.370987818,0,0,0,0
2.387697825,0,0,0,0
2.413008525,0,0,0,0
2.429267739,0,0,0,0
2.4543582770000003,0,0,0,0
2.4684853820000003,0,0,0,0
2.4835558740000003,0,0,0,0
2.5092853980000003,0,0,0,0
2.525678403,0,0,0,0
2.5520623500000004,0,0,0,0
2.581063302,0,0,0,0
2.607300915,0,-7,0,0
2.629885587,0,1,0,0
2.64703556,0,3,0,0
2.6699613070000003,0,-12,0,0
2.6962306920000003,0,11,0,0
2.708685727,0,-5,0,0
2.732291758,0,4,0,0
2.7492335530000003,0,-1,0,0
2.763508133,0,2,0,0
2.784000834,0,1,0,0
2.797729983,0,1,0,0
2.828399257,0,5,0,0
2.853278892,0,1,0,0
2.867333808,0,-2,0,0
2.8844335520000004,0,3,0,0
2.900647974,0,-12,0,0
2.9426679370000004,0,0,0,0
2.984053496,0,-1,0,0
3.006779824,0,-2,0,0
3.0299787470000004,0,-1,0,0
3.0587262170000002,0,0,0,0
3.0825274670000002,0,0,0,0
3.107809746,0,0,0,0
3.135447267,0,0,0,0
3.1592258330000003,0,0,0,0
3.1822252140000002,0,0,0,0
3.207627258,0,0,0,0
3.2330451640000004,0,0,0,0
3.2573247260000002,0,0,0,0
3.270530432,0,0,0,0
3.2965113830000004,0,0,0,0
3.3125956640000003,0,0,0,0
3.334341338,0,0,0,0
3.357307951,0,0,0,0
3.379730034,0,0,0,0
3.402831045,0,0,0,0
3.4287233870000002,0,0,0,0
3.4515906110000003,0,0,0,0
3.4786846280000003,0,0,0,0
3.5034730890000003,0,0,0,0
3.528411873,0,0,0,0
3.5517810200000004,0,0,0,0
3.5760477400000004,0,1,0,0
3.599482172,0,-1,0,0
3.62419145,0,-1,0,0
3.649853794,0,-1,0,0
3.674698745,0,0,0,0
3.699058673,0,3,0,0
3.7238762430000003,0,0,0,0
3.747599264,0,0,0,0
3.7632065540000004,0,0,0,0
3.778364557,0,0,0,0
3.7919360220000002,0,0,0,0
3.816874856,0,0,0,0
3.8417232520000004,0,0,0,0
3.86721896,0,-1,0,0
3.8956675530000004,0,0,0,0
3.9120064470000004,0,0,0,0
3.925335946,0,0,0,0
3.9499674810000003,0,0,0,0
3.9787991240000005,0,0,0,0
3.99475755,0,0,0,0
4.0085452010000004,0,0,0,0
4.038275631,0,0,0,0
4.057550126000001,0,0,0,0
4.097302388,0,0,0,0
4.117065008,0,0,0,0
4.149772997,0,0,0,0
4.179621482,0,0,0,0
4.204130314,0,0,0,0
4.238371088,0,0,0,0
4.269533203,0,0,0,0
4.295260600000001,0,0,0,0
4.320211884,0,0,0,0
4.345137522,0,0,0,0
4.368336683,0,0,0,0
4.395808489,0,0,0,0
4.419078572,0,0,0,0
4.4452888470000005,0,0,0,0
4.461394334,0,0,0,0
4.486100748,0,0,0,0
4.51201396,0,0,0,0
4.537136913,0,0,0,0
4.562785723,0,0,0,0
4.587425265,0,0,0,0
4.612622165,0,0,0,0
4.641123307,0,0,0,0
4.665435712000001,0,0,0,0
4.69089751,0,0,0,0
4.716625959,0,0,0,0
4.734392354000001,0,0,0,0
4.766595864,0,0,0,0
4.780722509,0,0,0,0
4.808698456,0,0,0,0
4.833424509,0,0,0,0
4.856965473000001,0,0,0,0
4.880736423,0,0,0,0
4.907065748,0,0,0,0
4.929919514000001,0,0,0,0
4.946603163000001,0,0,0,0
4.96947936,0,0,0,0
4.991995224,0,0,0,0
5.014735964000001,0,0,0,0
5.040216783,0,0,0,0
5.062585103,0,0,0,0
5.085649747000001,0,0,0,0
5.108593466,0,0,0,0
5.131953699,0,0,0,0
5.146204745,0,0,0,0
5.169020211,0,0,0,0
5.194907627,0,0,0,0
5.217452394,0,0,0,0
5.239938223,0,0,0,0
5.263097951000001,0,0,0,0
5.28598561,0,0,0,0
5.3115581910000005,0,0,0,0
5.3349080220000005,0,0,0,0
5.361917064,0,0,0,0
5.3853046870000005,0,0,0,0
5.412820276000001,0,0,0,0
5.442440261000001,0,0,0,0
5.466067268000001,0,0,0,0
5.489468181,0,0,0,0
5.511863109,0,0,0,0
5.534993,0,0,0,0
5.55099021,0,0,0,0
5.578811863,0,0,0,0
5.591391843,0,0,0,0
5.614074968000001,0,0,0,0
5.628381637,0,0,0,0
5.650971688,0,0,0,0
5.674214721,0,0,0,0
5.698614382000001,0,0,0,0
5.722883793,0,0,0,0
5.745734425,0,0,0,0
5.7620291020000005,0,0,0,0
5.779980998,0,0,0,0
5.797143538,0,0,0,0
5.825374437000001,0,0,0,0
5.838533281,0,0,0,0
5.867035153000001,0,0,0,0
5.8899446090000005,0,0,0,0
5.912412198,0,0,0,0
5.934921628000001,0,0,0,0
5.95779746,0,0,0,0
5.979787924,0,0,0,0
6.001966247,0,0,0,0
6.024218622,0,0,0,0
6.049228369000001,0,0,0,0
6.073299254,0,0,0,0
6.096644804,0,0,0,0
6.111683193,0,0,0,0
6.134824171,0,0,0,0
6.157493456,0,0,0,0
6.181467088000001,0,0,0,0
6.207009427,0,0,0,0
6.230460289000001,0,0,0,0
6.24518484,0,0,0,0
6.2683720670000005,0,0,0,0
6.291220098,0,0,0,0
6.31383546,0,0,0,0
6.336454293,0,0,0,0
6.3580858000000005,0,0,0,0
6.381410068,0,0,0,0
6.414839656000001,0,0,0,0
6.440333766,0,0,0,0
6.462636364000001,0,0,0,0
6.485065211,0,0,0,0
6.4977047080000006,0,0,0,0
6.5327322610000005,0,0,0,0
6.553022823,0,0,0,0
6.578661899,0,0,0,0
6.607818445,0,0,0,0
6.636329911000001,0,0,0,0
6.649302553,0,0,0,0
6.673324125000001,0,0,0,0
6.685615924,0,0,0,0
6.708864417,0,0,0,0
6.733426322000001,0,0,0,0
6.750580241000001,0,0,0,0
6.767565691000001,0,0,0,0
6.790443589000001,0,0,0,0
6.812756047000001,0,0,0,0
6.835605196,0,0,0,0
6.848994133000001,0,0,0,0
6.872972467,0,0,0,0
6.896094389000001,0,0,0,0
6.919335514,0,0,0,0
6.94115078,0,0,0,0
6.964205828000001,0,0,0,0
6.986097593,0,0,0,0
7.008251692000001,0,0,0,0
7.030775528,0,0,0,0
7.0526388120000005,0,0,0,0
7.075651323000001,0,0,0,0
7.088930563000001,0,0,0,0
7.120687627000001,0,0,0,0
7.145516033000001,0,0,0,0
7.1692115460000005,0,0,0,0
7.191671219000001,0,0,0,0
7.214291206,0,0,0,0
7.236673775000001,0,0,0,0
7.261897799000001,0,0,0,0
7.275442187,0,0,0,0
7.313209059,0,0,0,0
7.32875804,0,0,0,0
7.3550242710000004,0,0,0,0
7.37882582,0,0,0,0
7.402946645,0,0,0,0
7.416130549000001,0,0,0,0
7.441250234000001,0,0,0,0
7.466999558,0,0,0,0
7.491816185,0,0,0,0
7.514803293000001,0,0,0,0
7.541475001,0,0,0,0
7.566110736000001,0,0,0,0
7.590655811,0,0,0,0
7.614811965,0,0,0,0
7.6391947600000005,0,0,0,0
7.662443907,0,0,0,0
7.685115131000001,0,0,0,0
7.708088964000001,0,0,0,0
7.722037838,0,0,0,0
7.764252971,0,0,0,0
7.7802723060000005,0,0,0,0
7.795747317000001,0,0,0,0
7.813425798000001,0,0,0,0
7.833940124000001,0,0,0,0
7.856835522000001,0,0,0,0
7.879306657000001,0,0,0,0
7.901742584000001,0,0,0,0
7.924389782,0,0,0,0
7.95134278,0,0,0,0
7.973668118000001,0,0,0,0
7.996053850000001,0,0,0,0
8.008623844,0,0,0,0
8.033393848000001,0,0,0,0
8.049214753000001,0,0,0,0
8.079619568,0,0,0,0
8.102585547,0,0,0,0
8.133709851,0,0,0,0
8.167690751,0,0,0,0
8.184422974,0,0,0,0
8.217389892,0,0,0,0
8.234269723,0,0,0,0
8.262202801,0,0,0,0
8.285093655,0,0,0,0
8.308755571,0,0,0,0
8.331270336000001,0,0,0,0
8.356782278,0,0,0,0
8.380743291,0,0,0,0
8.395445930000001,0,0,0,0
8.419028823,0,0,0,0
8.453540988,0,0,0,0
8.468491465000001,0,0,0,0
8.491153737000001,0,0,0,0
8.513010223,0,0,0,0
8.529420694,0,0,0,0
8.547422244,0,0,0,0
8.562371381,0,0,0,0
8.585354387,0,0,0,0
8.607646746,0,0,0,0
8.629097274000001,0,0,0,0
8.651304202,0,0,0,0
8.673342962000001,0,0,0,0
8.696285669,0,0,0,0
8.720096198,0,0,0,0
8.74467529,0,0,0,0
8.767602591000001,0,0,0,0
8.780702251000001,0,0,0,0
8.807694127000001,0,0,0,0
8.831613217000001,0,0,0,0
8.846477727,0,0,0,0
8.870321004000001,0,0,0,0
8.89561594,0,0,0,0
8.919582936000001,0,0,0,0
8.946359985,0,0,0,0
8.970062864,0,0,0,0
8.995207921,0,0,0,0
9.018847498000001,0,0,0,0
9.045228143000001,0,0,0,0
9.069670099000001,0,0,0,0
9.09629466,0,0,0,0
9.115678523,0,0,0,0
9.138665862,0,0,0,0
9.170415121000001,0,0,0,0
9.185295446000001,0,0,0,0
9.208709520000001,0,0,0,0
9.240966226000001,0,0,0,0
9.265791525000001,0,0,0,0
9.284157077,0,0,0,0
9.306324245,0,0,0,0
9.328798112000001,0,0,0,0
9.342199132000001,0,0,0,0
9.354556252,0,0,0,0
9.378796266,0,0,0,0
