Timestamp,MotorID,Motor1,Motor2,Motor3,Motor4
0.001522965,1,1024.0,2048.0,2048.0,2049.0
0.0016964780000000002,3,2050.0,1024.0,2049.0,2050.0
0.017431357,3,2050.0,1024.0,2049.0,2050.0
0.017519231,1,1024.0,2048.0,2048.0,2049.0
0.033522619000000003,3,2050.0,1024.0,2049.0,2050.0
0.033633428,1,1024.0,2048.0,2048.0,2049.0
0.049516889,3,2050.0,1024.0,2049.0,2050.0
0.049631125000000005,1,1024.0,2048.0,2048.0,2049.0
0.06546563200000001,3,2050.0,1024.0,2049.0,2050.0
0.065561915,1,1024.0,2048.0,2048.0,2049.0
0.08139722,3,2050.0,1024.0,2049.0,2050.0
0.081489978,1,1024.0,2048.0,2048.0,2049.0
0.097302211,3,2050.0,1024.0,2049.0,2050.0
0.097387424,1,1024.0,2048.0,2048.0,2049.0
0.113320058,3,2050.0,1024.0,2049.0,2050.0
0.11343742500000001,1,1024.0,2048.0,2048.0,2049.0
0.129419328,3,2050.0,1024.0,2049.0,2050.0
0.12951579300000002,1,1024.0,2048.0,2048.0,2049.0
0.145394134,3,2050.0,1024.0,2049.0,2050.0
0.14548481300000002,1,1024.0,2048.0,2048.0,2049.0
0.161397549,3,2050.0,1024.0,2049.0,2050.0
0.161485745,1,1024.0,2048.0,2048.0,2049.0
0.177377466,3,2050.0,1024.0,2049.0,2050.0
0.17746318300000002,1,1024.0,2048.0,2048.0,2049.0
0.19338243900000002,3,2050.0,1024.0,2049.0,2050.0
0.19346775800000002,1,1024.0,2048.0,2048.0,2049.0
0.209446669,3,2050.0,1024.0,2049.0,2050.0
0.20954073,1,1024.0,2048.0,2048.0,2049.0
0.225296606,1,1024.0,2048.0,2048.0,2049.0
0.22547090800000003,3,2050.0,1024.0,2049.0,2050.0
0.24132920000000002,3,2050.0,1024.0,2049.0,2050.0
0.241422557,1,1024.0,2048.0,2048.0,2049.0
0.25727361400000004,3,2050.0,1024.0,2049.0,2050.0
0.25735936200000004,1,1024.0,2048.0,2048.0,2049.0
0.27337331000000004,3,2050.0,1024.0,2049.0,2050.0
0.27345980000000003,1,1024.0,2048.0,2048.0,2049.0
0.289394113,3,2050.0,1024.0,2049.0,2050.0
0.28951023600000003,1,1024.0,2048.0,2048.0,2049.0
0.30534018100000004,3,2050.0,1024.0,2049.0,2050.0
0.305424452,1,1024.0,2048.0,2048.0,2049.0
0.321374441,3,2050.0,1024.0,2049.0,2050.0
0.32146007200000004,1,1024.0,2048.0,2048.0,2049.0
0.337453669,3,2050.0,1024.0,2049.0,2050.0
0.33753847600000003,1,1024.0,2048.0,2048.0,2049.0
0.353563144,3,2050.0,1024.0,2049.0,2050.0
0.353649353,1,1024.0,2048.0,2048.0,2049.0
0.369444946,3,2050.0,1024.0,2049.0,2050.0
0.36953004700000003,1,1024.0,2048.0,2048.0,2049.0
0.385373666,3,2050.0,1024.0,2049.0,2050.0
0.38545864300000005,1,1024.0,2048.0,2048.0,2049.0
0.401508529,3,2050.0,1024.0,2049.0,2050.0
0.40159940000000005,1,1024.0,2048.0,2048.0,2049.0
0.41743935400000004,3,2050.0,1024.0,2049.0,2050.0
0.41753836400000005,1,1024.0,2048.0,2048.0,2049.0
0.433376543,3,2050.0,1024.0,2049.0,2050.0
0.433464453,1,1024.0,2048.0,2048.0,2049.0
0.44936762900000005,3,2050.0,1024.0,2049.0,2050.0
0.44945535900000005,1,1024.0,2048.0,2048.0,2049.0
0.46536646800000003,3,2050.0,1024.0,2049.0,2050.0
0.46545558000000004,1,1024.0,2048.0,2048.0,2049.0
0.48137663500000005,3,2050.0,1024.0,2049.0,2050.0
0.48146114500000003,1,1024.0,2048.0,2048.0,2049.0
0.49740908500000003,3,2050.0,1024.0,2049.0,2050.0
0.497494816,1,1024.0,2048.0,2048.0,2049.0
0.5134781270000001,3,2050.0,1024.0,2049.0,2050.0
0.5135650270000001,1,1024.0,2048.0,2048.0,2049.0
0.529417047,3,2050.0,1024.0,2049.0,2050.0
0.5295022970000001,1,1024.0,2048.0,2048.0,2049.0
0.545478931,3,2050.0,1024.0,2049.0,2050.0
0.5455934560000001,1,1024.0,2048.0,2048.0,2049.0
0.561389875,3,2050.0,1024.0,2049.0,2050.0
0.561473868,1,1024.0,2048.0,2048.0,2049.0
0.577464663,3,2050.0,1024.0,2049.0,2050.0
0.577555084,1,1024.0,2048.0,2048.0,2049.0
0.5934954520000001,3,2050.0,1024.0,2049.0,2050.0
0.593584652,1,1024.0,2048.0,2048.0,2049.0
0.6095246120000001,3,2050.0,1024.0,2049.0,2050.0
0.6096099260000001,1,1024.0,2048.0,2048.0,2049.0
0.62570707,3,2050.0,1024.0,2049.0,2050.0
0.625794142,1,1024.0,2048.0,2048.0,2049.0
0.64133938,3,2050.0,1024.0,2049.0,2050.0
0.641427159,1,1024.0,2048.0,2048.0,2049.0
0.6574396020000001,3,2050.0,1024.0,2049.0,2050.0
0.65755396,1,1024.0,2048.0,2048.0,2049.0
0.673699617,3,2050.0,1024.0,2049.0,2050.0
0.6737857930000001,1,1024.0,2048.0,2048.0,2049.0
0.6894691460000001,3,2050.0,1024.0,2049.0,2050.0
0.689562534,1,1024.0,2048.0,2048.0,2049.0
0.7058557240000001,3,2050.0,1024.0,2049.0,2050.0
0.7059547690000001,1,1024.0,2048.0,2048.0,2049.0
0.721483859,3,2050.0,1024.0,2049.0,2050.0
0.721569122,1,1024.0,2048.0,2048.0,2049.0
0.737609371,3,2050.0,1024.0,2049.0,2050.0
0.7376929440000001,1,1024.0,2048.0,2048.0,2049.0
0.7535384820000001,3,2050.0,1024.0,2049.0,2050.0
0.7536244710000001,1,1024.0,2048.0,2048.0,2049.0
0.7697060130000001,3,2050.0,1024.0,2049.0,2050.0
0.7697903450000001,1,1024.0,2048.0,2048.0,2049.0
0.7856183830000001,3,2050.0,1024.0,2049.0,2050.0
0.785709183,1,1024.0,2048.0,2048.0,2049.0
0.801484312,3,2050.0,1024.0,2049.0,2050.0
0.801571592,1,1024.0,2048.0,2048.0,2049.0
0.817416625,3,2050.0,1024.0,2049.0,2050.0
0.8175088060000001,1,1024.0,2048.0,2048.0,2049.0
0.833670368,3,2050.0,1024.0,2049.0,2050.0
0.8337553910000001,1,1024.0,2048.0,2048.0,2049.0
0.849417308,3,2050.0,1024.0,2049.0,2050.0
0.849506767,1,1024.0,2048.0,2048.0,2049.0
0.8653542540000001,3,2050.0,1024.0,2049.0,2050.0
0.8654426470000001,1,1024.0,2048.0,2048.0,2049.0
0.8813385380000001,3,2050.0,1024.0,2049.0,2050.0
0.881427265,1,1024.0,2048.0,2048.0,2049.0
0.897418386,3,2050.0,1024.0,2049.0,2050.0
0.8975151250000001,1,1024.0,2048.0,2048.0,2049.0
0.9134766950000001,3,2050.0,1024.0,2049.0,2050.0
0.913570458,1,1024.0,2048.0,2048.0,2049.0
0.929369239,3,2050.0,1024.0,2049.0,2050.0
0.929465066,1,1024.0,2048.0,2048.0,2049.0
0.9454135290000001,3,2050.0,1024.0,2049.0,2050.0
0.945501103,1,1024.0,2048.0,2048.0,2049.0
0.9614500210000001,3,2050.0,1024.0,2049.0,2050.0
0.96153949,1,1024.0,2048.0,2048.0,2049.0
0.9774341460000001,3,2050.0,1024.0,2049.0,2050.0
0.977522289,1,1024.0,2048.0,2048.0,2049.0
0.9935084180000001,3,2050.0,1024.0,2049.0,2050.0
0.9935982950000001,1,1024.0,2048.0,2048.0,2049.0
1.0095312570000001,3,2050.0,1024.0,2049.0,2050.0
1.0096167500000002,1,1024.0,2048.0,2048.0,2049.0
1.0254161210000001,3,2050.0,1024.0,2049.0,2050.0
1.0255020910000001,1,1024.0,2048.0,2048.0,2049.0
1.041426721,3,2050.0,1024.0,2049.0,2050.0
1.0415124070000001,1,1024.0,2048.0,2048.0,2049.0
1.057563799,3,2050.0,1024.0,2049.0,2050.0
1.0576536680000002,1,1024.0,2048.0,2048.0,2049.0
1.073438711,3,2050.0,1024.0,2049.0,2050.0
1.073524393,1,1024.0,2048.0,2048.0,2049.0
1.089413108,3,2050.0,1024.0,2049.0,2050.0
1.089498164,1,1024.0,2048.0,2048.0,2049.0
1.1054606070000002,3,2050.0,1024.0,2049.0,2050.0
1.1055450180000002,1,1024.0,2048.0,2048.0,2049.0
1.121281905,3,2050.0,1024.0,2049.0,2050.0
1.121369856,1,1024.0,2048.0,2048.0,2049.0
1.1373129020000001,3,2050.0,1024.0,2049.0,2050.0
1.13744746,1,1024.0,2048.0,2048.0,2049.0
1.1534007050000001,3,2050.0,1024.0,2049.0,2050.0
1.153518171,1,1024.0,2048.0,2048.0,2049.0
1.1694245810000001,3,2050.0,1024.0,2049.0,2050.0
1.169513848,1,1024.0,2048.0,2048.0,2049.0
1.185462738,3,2050.0,1024.0,2049.0,2050.0
1.1855494880000002,1,1024.0,2048.0,2048.0,2049.0
1.201522605,3,2050.0,1024.0,2049.0,2050.0
1.2016091690000001,1,1024.0,2048.0,2048.0,2049.0
1.2173405000000002,3,2050.0,1024.0,2049.0,2050.0
1.2174304710000001,1,1024.0,2048.0,2048.0,2049.0
1.233649165,3,2050.0,1024.0,2049.0,2050.0
1.233799824,1,1024.0,2048.0,2048.0,2049.0
1.249546257,3,2050.0,1024.0,2049.0,2050.0
1.2496774320000001,1,1024.0,2048.0,2048.0,2049.0
1.2653819450000001,3,2050.0,1024.0,2049.0,2050.0
1.265470074,1,1024.0,2048.0,2048.0,2049.0
1.2815306560000002,3,2050.0,1024.0,2049.0,2050.0
1.2816432,1,1024.0,2048.0,2048.0,2049.0
1.297577191,3,2050.0,1024.0,2049.0,2050.0
1.2976634150000002,1,1024.0,2048.0,2048.0,2049.0
1.313555016,3,2050.0,1024.0,2049.0,2050.0
1.313639668,1,1024.0,2048.0,2048.0,2049.0
1.329552709,3,2050.0,1024.0,2049.0,2050.0
1.32964094,1,1024.0,2048.0,2048.0,2049.0
1.345438042,3,2050.0,1024.0,2049.0,2050.0
1.345530871,1,1024.0,2048.0,2048.0,2049.0
1.361535181,3,2050.0,1024.0,2049.0,2050.0
1.361621983,1,1024.0,2048.0,2048.0,2049.0
1.377557839,3,2050.0,1024.0,2049.0,2050.0
1.3776445370000001,1,1024.0,2048.0,2048.0,2049.0
1.3933416170000001,3,2050.0,1024.0,2049.0,2050.0
1.3934295840000002,1,1024.0,2048.0,2048.0,2049.0
1.409358856,3,2050.0,1024.0,2049.0,2050.0
1.4094446740000002,1,1024.0,2048.0,2048.0,2049.0
1.425537931,3,2050.0,1024.0,2049.0,2050.0
1.425622822,1,1024.0,2048.0,2048.0,2049.0
1.4413448240000002,3,2050.0,1024.0,2049.0,2050.0
1.4414342420000001,1,1024.0,2048.0,2048.0,2049.0
1.457584173,3,2050.0,1024.0,2049.0,2050.0
1.457677982,1,1024.0,2048.0,2048.0,2049.0
1.473499071,3,2050.0,1024.0,2049.0,2050.0
1.473583977,1,1024.0,2048.0,2048.0,2049.0
1.4894477890000002,3,2050.0,1024.0,2049.0,2050.0
1.4895436690000001,1,1024.0,2048.0,2048.0,2049.0
1.5054529250000002,3,2050.0,1024.0,2049.0,2050.0
1.505537981,1,1024.0,2048.0,2048.0,2049.0
1.52142383,3,2050.0,1024.0,2049.0,2050.0
1.521510166,1,1024.0,2048.0,2048.0,2049.0
1.5374363510000002,3,2050.0,1024.0,2049.0,2050.0
1.5375406470000001,1,1024.0,2048.0,2048.0,2049.0
1.5532281620000001,3,2050.0,1024.0,2049.0,2050.0
1.553319646,1,1024.0,2048.0,2048.0,2049.0
1.5693207720000002,3,2050.0,1024.0,2049.0,2050.0
1.5694106140000001,1,1024.0,2048.0,2048.0,2049.0
1.5854232510000001,3,2050.0,1024.0,2049.0,2050.0
1.585510914,1,1024.0,2048.0,2048.0,2049.0
1.6014820250000001,3,2050.0,1024.0,2049.0,2050.0
1.601570216,1,1024.0,2048.0,2048.0,2049.0
1.617495503,3,2050.0,1024.0,2049.0,2050.0
1.61758135,1,1024.0,2048.0,2048.0,2049.0
1.633279283,3,2050.0,1024.0,2049.0,2050.0
1.633368257,1,1024.0,2048.0,2048.0,2049.0
1.6494763010000002,3,2050.0,1024.0,2049.0,2050.0
1.649564057,1,1024.0,2048.0,2048.0,2049.0
1.665457446,3,2050.0,1024.0,2049.0,2050.0
1.6655424890000001,1,1024.0,2048.0,2048.0,2049.0
1.6814650020000002,3,2050.0,1024.0,2049.0,2050.0
1.6815562890000002,1,1024.0,2048.0,2048.0,2049.0
1.6974625900000002,3,2050.0,1024.0,2049.0,2050.0
1.697549245,1,1024.0,2048.0,2048.0,2049.0
1.7134829660000002,3,2050.0,1024.0,2049.0,2050.0
1.7135693,1,1024.0,2048.0,2048.0,2049.0
1.729503194,3,2050.0,1024.0,2049.0,2050.0
1.7295883470000002,1,1024.0,2048.0,2048.0,2049.0
1.745443754,3,2050.0,1024.0,2049.0,2050.0
1.745533714,1,1024.0,2048.0,2048.0,2049.0
1.761409194,3,2050.0,1024.0,2049.0,2050.0
1.7614945260000001,1,1024.0,2048.0,2048.0,2049.0
1.777412495,3,2050.0,1024.0,2049.0,2050.0
1.7774984150000002,1,1024.0,2048.0,2048.0,2049.0
1.793433478,3,2050.0,1024.0,2049.0,2050.0
1.7935134760000002,1,1024.0,2048.0,2048.0,2049.0
1.809449104,3,2050.0,1024.0,2049.0,2050.0
1.8095350490000002,1,1024.0,2048.0,2048.0,2049.0
1.825458569,3,2050.0,1024.0,2049.0,2050.0
1.825550671,1,1024.0,2048.0,2048.0,2049.0
1.841498928,3,2050.0,1024.0,2049.0,2050.0
1.841585524,1,1024.0,2048.0,2048.0,2049.0
1.857459007,3,2050.0,1024.0,2049.0,2050.0
1.8575453540000002,1,1024.0,2048.0,2048.0,2049.0
1.873369974,3,2050.0,1024.0,2049.0,2050.0
1.8734560160000002,1,1024.0,2048.0,2048.0,2049.0
1.889455533,3,2050.0,1024.0,2049.0,2050.0
1.8895414750000001,1,1024.0,2048.0,2048.0,2049.0
1.905186145,3,2050.0,1024.0,2049.0,2050.0
1.905268227,1,1024.0,2048.0,2048.0,2049.0
1.9214337250000002,3,2050.0,1024.0,2049.0,2050.0
1.92152476,1,1024.0,2048.0,2048.0,2049.0
1.937381792,3,2050.0,1024.0,2049.0,2050.0
1.9374702110000002,1,1024.0,2048.0,2048.0,2049.0
1.9534198870000001,3,2050.0,1024.0,2049.0,2050.0
1.9535092710000002,1,1024.0,2048.0,2048.0,2049.0
1.969423769,3,2050.0,1024.0,2049.0,2050.0
1.969511057,1,1024.0,2048.0,2048.0,2049.0
1.9854345960000002,3,2050.0,1024.0,2049.0,2050.0
1.985527575,1,1024.0,2048.0,2048.0,2049.0
2.0014497600000003,3,2050.0,1024.0,2049.0,2050.0
2.001538264,1,1024.0,2048.0,2048.0,2049.0
2.0173298280000003,3,2050.0,1024.0,2049.0,2050.0
2.017409676,1,1024.0,2048.0,2048.0,2049.0
2.0335187560000003,3,2050.0,1024.0,2049.0,2050.0
2.0336073310000002,1,1024.0,2048.0,2048.0,2049.0
2.04949473,3,2050.0,1024.0,2049.0,2050.0
2.049580552,1,1024.0,2048.0,2048.0,2049.0
2.0654610310000003,3,2050.0,1024.0,2049.0,2050.0
2.065546921,1,1024.0,2048.0,2048.0,2049.0
2.0814098700000003,3,2050.0,1024.0,2049.0,2050.0
2.081500873,1,1024.0,2048.0,2048.0,2049.0
2.0974448590000003,3,2050.0,1024.0,2049.0,2050.0
2.097530818,1,1024.0,2048.0,2048.0,2049.0
2.113531468,3,2050.0,1024.0,2049.0,2050.0
2.113621255,1,1024.0,2048.0,2048.0,2049.0
2.1292107650000003,1,1024.0,2048.0,2048.0,2049.0
2.129367343,3,2050.0,1024.0,2049.0,2050.0
2.145284265,3,2050.0,1024.0,2049.0,2050.0
2.145358142,1,1024.0,2048.0,2048.0,2049.0
2.161433508,3,2050.0,1024.0,2049.0,2050.0
2.16152654,1,1024.0,2048.0,2048.0,2049.0
2.177475933,3,2050.0,1024.0,2049.0,2050.0
2.177652621,1,1024.0,2048.0,2048.0,2049.0
2.1932567,1,1024.0,2048.0,2048.0,2049.0
2.193395641,3,2050.0,1024.0,2049.0,2050.0
2.209201451,3,2050.0,1024.0,2049.0,2050.0
2.2092871450000002,1,1024.0,2048.0,2048.0,2049.0
2.225459374,3,2050.0,1024.0,2049.0,2050.0
2.225545302,1,1024.0,2048.0,2048.0,2049.0
2.241356639,1,1024.0,2048.0,2048.0,2049.0
2.2415045,3,2050.0,1024.0,2049.0,2050.0
2.257360203,1,1024.0,2048.0,2048.0,2049.0
2.2575348770000003,3,2050.0,1024.0,2049.0,2050.0
2.2733104770000003,3,2050.0,1024.0,2049.0,2050.0
2.27338998,1,1024.0,2048.0,2048.0,2049.0
2.28945052,3,2050.0,1024.0,2049.0,2050.0
2.2895406840000003,1,1024.0,2048.0,2048.0,2049.0
2.3054509910000003,3,2050.0,1024.0,2049.0,2050.0
2.305534985,1,1024.0,2048.0,2048.0,2049.0
2.321457242,3,2050.0,1024.0,2049.0,2050.0
2.3215414620000003,1,1024.0,2048.0,2048.0,2049.0
2.337344884,3,2050.0,1024.0,2049.0,2050.0
2.337431463,1,1024.0,2048.0,2048.0,2049.0
2.3533549270000003,3,2050.0,1024.0,2049.0,2050.0
2.353439363,1,1024.0,2048.0,2048.0,2049.0
2.3693881130000003,3,2050.0,1024.0,2049.0,2050.0
2.369471844,1,1024.0,2048.0,2048.0,2049.0
2.385398368,3,2050.0,1024.0,2049.0,2050.0
2.385484392,1,1024.0,2048.0,2048.0,2049.0
2.401405172,3,2050.0,1024.0,2049.0,2050.0
2.4014897840000002,1,1024.0,2048.0,2048.0,2049.0
2.4171319820000003,3,2050.0,1024.0,2049.0,2050.0
2.417215354,1,1024.0,2048.0,2048.0,2049.0
2.433432014,3,2050.0,1024.0,2049.0,2050.0
2.4335161260000002,1,1024.0,2048.0,2048.0,2049.0
2.4494233050000003,3,2050.0,1024.0,2049.0,2050.0
2.4495071900000003,1,1024.0,2048.0,2048.0,2049.0
2.4654107400000003,3,2050.0,1024.0,2049.0,2050.0
2.4654947760000003,1,1024.0,2048.0,2048.0,2049.0
2.481529288,3,2050.0,1024.0,2049.0,2050.0
2.4816369330000003,1,1024.0,2048.0,2048.0,2049.0
2.497391883,3,2050.0,1024.0,2049.0,2050.0
2.497475075,1,1024.0,2048.0,2048.0,2049.0
2.51343284,3,2050.0,1024.0,2049.0,2050.0
2.513516484,1,1024.0,2048.0,2048.0,2049.0
2.529393722,3,2050.0,1024.0,2049.0,2050.0
2.529482399,1,1024.0,2048.0,2048.0,2049.0
2.545433691,3,2050.0,1024.0,2049.0,2050.0
2.545516482,1,1024.0,2048.0,2048.0,2049.0
2.5614491960000003,3,2050.0,1024.0,2049.0,2050.0
2.561536593,1,1024.0,2048.0,2048.0,2049.0
2.5774266590000003,3,2050.0,1024.0,2049.0,2050.0
2.577510922,1,1024.0,2048.0,2048.0,2049.0
2.593434266,3,2050.0,1024.0,2049.0,2050.0
2.5935200320000003,1,1024.0,2048.0,2048.0,2049.0
2.609476009,3,2050.0,1024.0,2049.0,2050.0
2.6095653260000002,1,1024.0,2048.0,2048.0,2049.0
2.6254316340000003,3,2050.0,1024.0,2049.0,2050.0
2.625517014,1,1024.0,2048.0,2048.0,2049.0
2.641411971,3,2050.0,1024.0,2049.0,2050.0
2.641499049,1,1024.0,2048.0,2048.0,2049.0
2.657443074,3,2050.0,1024.0,2049.0,2050.0
2.657526605,1,1024.0,2048.0,2048.0,2049.0
2.6734209460000002,3,2050.0,1024.0,2049.0,2050.0
2.673505544,1,1024.0,2048.0,2048.0,2049.0
2.689413064,3,2050.0,1024.0,2049.0,2050.0
2.689497353,1,1024.0,2048.0,2048.0,2049.0
2.705405463,3,2050.0,1024.0,2049.0,2050.0
2.7054892350000004,1,1024.0,2048.0,2048.0,2049.0
2.7214688110000003,3,2050.0,1024.0,2049.0,2050.0
2.7215554650000002,1,1024.0,2048.0,2048.0,2049.0
2.737333936,3,2050.0,1024.0,2049.0,2050.0
2.73742104,1,1024.0,2048.0,2048.0,2049.0
2.753329865,3,2050.0,1024.0,2049.0,2050.0
2.7534157070000003,1,1024.0,2048.0,2048.0,2049.0
2.769441962,3,2050.0,1024.0,2049.0,2050.0
2.7695348120000003,1,1024.0,2048.0,2048.0,2049.0
2.785433206,3,2050.0,1024.0,2049.0,2050.0
2.7855165570000002,1,1024.0,2048.0,2048.0,2049.0
2.801399677,3,2050.0,1024.0,2049.0,2050.0
2.801483588,1,1024.0,2048.0,2048.0,2049.0
2.817421286,3,2050.0,1024.0,2049.0,2050.0
2.817506383,1,1024.0,2048.0,2048.0,2049.0
2.833441183,3,2050.0,1024.0,2049.0,2050.0
2.833530854,1,1024.0,2048.0,2048.0,2049.0
2.849405436,3,2050.0,1024.0,2049.0,2050.0
2.849490664,1,1024.0,2048.0,2048.0,2049.0
2.865417927,3,2050.0,1024.0,2049.0,2050.0
2.8655079210000003,1,1024.0,2048.0,2048.0,2049.0
2.8811999210000003,3,2050.0,1024.0,2049.0,2050.0
2.881287307,1,1024.0,2048.0,2048.0,2049.0
2.8974698780000003,3,2050.0,1024.0,2049.0,2050.0
2.8975748780000004,1,1024.0,2048.0,2048.0,2049.0
2.913343936,3,2050.0,1024.0,2049.0,2050.0
2.9134352810000004,1,1024.0,2048.0,2048.0,2049.0
2.929413512,3,2050.0,1024.0,2049.0,2050.0
2.92950698,1,1024.0,2048.0,2048.0,2049.0
2.945395137,3,2050.0,1024.0,2049.0,2050.0
2.9454790760000003,1,1024.0,2048.0,2048.0,2049.0
2.9615231690000003,3,2050.0,1024.0,2049.0,2050.0
2.96161814,1,1024.0,2048.0,2048.0,2049.0
2.977348122,3,2050.0,1024.0,2049.0,2050.0
2.9774360210000004,1,1024.0,2048.0,2048.0,2049.0
2.993355601,3,2050.0,1024.0,2049.0,2050.0
2.993443284,1,1024.0,2048.0,2048.0,2049.0
3.00935869,3,2050.0,1024.0,2049.0,2050.0
3.009472778,1,1024.0,2048.0,2048.0,2049.0
3.0253521030000003,3,2050.0,1024.0,2049.0,2050.0
3.0254483330000004,1,1024.0,2048.0,2048.0,2049.0
3.041322377,3,2050.0,1024.0,2049.0,2050.0
3.041411096,1,1024.0,2048.0,2048.0,2049.0
3.0573486670000003,3,2050.0,1024.0,2049.0,2050.0
3.057438514,1,1024.0,2048.0,2048.0,2049.0
3.073353764,3,2050.0,1024.0,2049.0,2050.0
3.073438518,1,1024.0,2048.0,2048.0,2049.0
3.089346937,3,2050.0,1024.0,2049.0,2050.0
3.0894345380000003,1,1024.0,2048.0,2048.0,2049.0
3.1053406850000003,3,2050.0,1024.0,2049.0,2050.0
3.105424628,1,1024.0,2048.0,2048.0,2049.0
3.121282014,3,2050.0,1024.0,2049.0,2050.0
3.1213945180000002,1,1024.0,2048.0,2048.0,2049.0
3.137209867,1,1024.0,2048.0,2048.0,2049.0
3.1373709670000003,3,2050.0,1024.0,2049.0,2050.0
3.1532339400000002,3,2050.0,1024.0,2049.0,2050.0
3.153334216,1,1024.0,2048.0,2048.0,2049.0
3.169249794,3,2050.0,1024.0,2049.0,2050.0
3.169357175,1,1024.0,2048.0,2048.0,2049.0
3.185269662,1,1024.0,2048.0,2048.0,2049.0
3.185410901,3,2050.0,1024.0,2049.0,2050.0
3.20130353,3,2050.0,1024.0,2049.0,2050.0
3.2014076950000003,1,1024.0,2048.0,2048.0,2049.0
3.21731881,3,2050.0,1024.0,2049.0,2050.0
3.217404263,1,1024.0,2048.0,2048.0,2049.0
3.23333282,3,2050.0,1024.0,2049.0,2050.0
3.2334178440000003,1,1024.0,2048.0,2048.0,2049.0
3.249014679,3,2050.0,1024.0,2049.0,2050.0
3.2490924110000003,1,1024.0,2048.0,2048.0,2049.0
3.265021431,1,1024.0,2048.0,2048.0,2049.0
3.265134069,3,2050.0,1024.0,2049.0,2050.0
3.2810906560000004,3,2050.0,1024.0,2049.0,2050.0
3.281155275,1,1024.0,2048.0,2048.0,2049.0
3.2971697530000004,1,1024.0,2048.0,2048.0,2049.0
3.2972723590000004,3,2050.0,1024.0,2049.0,2050.0
3.3129906200000003,1,1024.0,2048.0,2048.0,2049.0
3.3131572370000004,3,2050.0,1024.0,2049.0,2050.0
3.3294831200000004,3,2050.0,1024.0,2049.0,2050.0
3.329569316,1,1024.0,2048.0,2048.0,2049.0
3.3454160230000003,3,2050.0,1024.0,2049.0,2050.0
3.3455108900000003,1,1024.0,2048.0,2048.0,2049.0
3.3612551890000004,3,2050.0,1024.0,2049.0,2050.0
3.361353013,1,1024.0,2048.0,2048.0,2049.0
3.3773317690000004,3,2050.0,1024.0,2049.0,2050.0
3.3774176070000004,1,1024.0,2048.0,2048.0,2049.0
3.3932527240000003,3,2050.0,1024.0,2049.0,2050.0
3.3933415800000004,1,1024.0,2048.0,2048.0,2049.0
3.409408625,3,2050.0,1024.0,2049.0,2050.0
3.4094944230000004,1,1024.0,2048.0,2048.0,2049.0
3.425408816,3,2050.0,1024.0,2049.0,2050.0
3.4255001710000004,1,1024.0,2048.0,2048.0,2049.0
3.441427419,3,2050.0,1024.0,2049.0,2050.0
3.4415151780000004,1,1024.0,2048.0,2048.0,2049.0
3.4574051850000003,3,2050.0,1024.0,2049.0,2050.0
3.457501306,1,1024.0,2048.0,2048.0,2049.0
3.473107708,3,2050.0,1024.0,2049.0,2050.0
3.473203814,1,1024.0,2048.0,2048.0,2049.0
3.4894995100000004,3,2050.0,1024.0,2049.0,2050.0
3.4895831250000002,1,1024.0,2048.0,2048.0,2049.0
3.50533734,3,2050.0,1024.0,2049.0,2050.0
3.5054193380000003,1,1024.0,2048.0,2048.0,2049.0
3.5212867450000003,1,1024.0,2048.0,2048.0,2049.0
3.5214339110000004,3,2050.0,1024.0,2049.0,2050.0
3.5373892060000003,3,2050.0,1024.0,2049.0,2050.0
3.537478226,1,1024.0,2048.0,2048.0,2049.0
3.553345579,3,2050.0,1024.0,2049.0,2050.0
3.5534306150000003,1,1024.0,2048.0,2048.0,2049.0
3.569494804,3,2050.0,1024.0,2049.0,2050.0
3.5695785310000003,1,1024.0,2048.0,2048.0,2049.0
3.585196555,3,2050.0,1024.0,2049.0,2050.0
3.5852878120000002,1,1024.0,2048.0,2048.0,2049.0
3.601407576,3,2050.0,1024.0,2049.0,2050.0
3.601513509,1,1024.0,2048.0,2048.0,2049.0
3.617412045,3,2050.0,1024.0,2049.0,2050.0
3.6174993630000003,1,1024.0,2048.0,2048.0,2049.0
3.6334118350000004,3,2050.0,1024.0,2049.0,2050.0
3.633495871,1,1024.0,2048.0,2048.0,2049.0
3.6494241,3,2050.0,1024.0,2049.0,2050.0
3.6495126940000002,1,1024.0,2048.0,2048.0,2049.0
3.665420627,3,2050.0,1024.0,2049.0,2050.0
3.665503987,1,1024.0,2048.0,2048.0,2049.0
3.68135183,3,2050.0,1024.0,2049.0,2050.0
3.6814444560000004,1,1024.0,2048.0,2048.0,2049.0
3.6971936930000004,3,2050.0,1024.0,2049.0,2050.0
3.697277553,1,1024.0,2048.0,2048.0,2049.0
3.7132908500000004,3,2050.0,1024.0,2049.0,2050.0
3.713380637,1,1024.0,2048.0,2048.0,2049.0
3.729270742,3,2050.0,1024.0,2049.0,2050.0
3.729365172,1,1024.0,2048.0,2048.0,2049.0
3.745301732,3,2050.0,1024.0,2049.0,2050.0
3.7453882110000003,1,1024.0,2048.0,2048.0,2049.0
3.7614028680000002,3,2050.0,1024.0,2049.0,2050.0
3.7614896730000003,1,1024.0,2048.0,2048.0,2049.0
3.7773149310000003,3,2050.0,1024.0,2049.0,2050.0
3.777400216,1,1024.0,2048.0,2048.0,2049.0
3.793360277,3,2050.0,1024.0,2049.0,2050.0
3.793443228,1,1024.0,2048.0,2048.0,2049.0
3.809248596,3,2050.0,1024.0,2049.0,2050.0
3.809330752,1,1024.0,2048.0,2048.0,2049.0
3.8252705750000002,3,2050.0,1024.0,2049.0,2050.0
3.8253658730000004,1,1024.0,2048.0,2048.0,2049.0
3.841359433,3,2050.0,1024.0,2049.0,2050.0
3.8414454200000003,1,1024.0,2048.0,2048.0,2049.0
3.8572983570000003,3,2050.0,1024.0,2049.0,2050.0
3.857383613,1,1024.0,2048.0,2048.0,2049.0
3.8732511240000003,3,2050.0,1024.0,2049.0,2050.0
3.873340717,1,1024.0,2048.0,2048.0,2049.0
3.889339832,3,2050.0,1024.0,2049.0,2050.0
3.889422472,1,1024.0,2048.0,2048.0,2049.0
3.905363105,3,2050.0,1024.0,2049.0,2050.0
3.9054503910000005,1,1024.0,2048.0,2048.0,2049.0
3.921282451,3,2050.0,1024.0,2049.0,2050.0
3.9213610500000002,1,1024.0,2048.0,2048.0,2049.0
3.937277469,3,2050.0,1024.0,2049.0,2050.0
3.9373647160000003,1,1024.0,2048.0,2048.0,2049.0
3.953440398,3,2050.0,1024.0,2049.0,2050.0
3.9535235190000004,1,1024.0,2048.0,2048.0,2049.0
3.9694718250000003,3,2050.0,1024.0,2049.0,2050.0
3.969556127,1,1024.0,2048.0,2048.0,2049.0
3.9853547390000004,3,2050.0,1024.0,2049.0,2050.0
3.9854502590000003,1,1024.0,2048.0,2048.0,2049.0
4.001292828,3,2050.0,1024.0,2049.0,2050.0
4.001379097,1,1024.0,2048.0,2048.0,2049.0
4.017461760000001,3,2050.0,1024.0,2049.0,2050.0
4.017546887,1,1024.0,2048.0,2048.0,2049.0
4.033256674,3,2050.0,1024.0,2049.0,2050.0
4.033342503,1,1024.0,2048.0,2048.0,2049.0
4.049396855,3,2050.0,1024.0,2049.0,2050.0
4.049484349,1,1024.0,2048.0,2048.0,2049.0
4.065109226000001,3,2050.0,1024.0,2049.0,2050.0
4.065211818,1,1024.0,2048.0,2048.0,2049.0
4.081456654,3,2050.0,1024.0,2049.0,2050.0
4.081546999,1,1024.0,2048.0,2048.0,2049.0
4.097403449000001,3,2050.0,1024.0,2049.0,2050.0
4.097489097,1,1024.0,2048.0,2048.0,2049.0
4.113117766,3,2050.0,1024.0,2049.0,2050.0
4.113204713,1,1024.0,2048.0,2048.0,2049.0
4.129327529,3,2050.0,1024.0,2049.0,2050.0
4.129415517,1,1024.0,2048.0,2048.0,2049.0
4.1450991020000005,3,2050.0,1024.0,2049.0,2050.0
4.1451877690000005,1,1024.0,2048.0,2048.0,2049.0
4.161155441,3,2050.0,1024.0,2049.0,2050.0
4.161245705000001,1,1024.0,2048.0,2048.0,2049.0
4.177098943,3,2050.0,1024.0,2049.0,2050.0
4.177195513,1,1024.0,2048.0,2048.0,2049.0
4.193250003,3,2050.0,1024.0,2049.0,2050.0
4.193340356,1,1024.0,2048.0,2048.0,2049.0
4.209245301,3,2050.0,1024.0,2049.0,2050.0
4.209333633,1,1024.0,2048.0,2048.0,2049.0
4.225243771000001,3,2050.0,1024.0,2049.0,2050.0
4.225331565,1,1024.0,2048.0,2048.0,2049.0
4.24108364,3,2050.0,1024.0,2049.0,2050.0
4.241172193000001,1,1024.0,2048.0,2048.0,2049.0
4.257252448,3,2050.0,1024.0,2049.0,2050.0
4.257361851000001,1,1024.0,2048.0,2048.0,2049.0
4.273212881,1,1024.0,2048.0,2048.0,2049.0
4.273359237,3,2050.0,1024.0,2049.0,2050.0
4.289188616000001,3,2050.0,1024.0,2049.0,2050.0
4.289302606000001,1,1024.0,2048.0,2048.0,2049.0
4.305199681,3,2050.0,1024.0,2049.0,2050.0
4.305291665,1,1024.0,2048.0,2048.0,2049.0
4.321172001,3,2050.0,1024.0,2049.0,2050.0
4.321261301,1,1024.0,2048.0,2048.0,2049.0
4.337186037,3,2050.0,1024.0,2049.0,2050.0
4.337280583,1,1024.0,2048.0,2048.0,2049.0
4.353164840000001,1,1024.0,2048.0,2048.0,2049.0
4.353286827000001,3,2050.0,1024.0,2049.0,2050.0
4.369091781,3,2050.0,1024.0,2049.0,2050.0
4.369199288,1,1024.0,2048.0,2048.0,2049.0
4.385080917000001,3,2050.0,1024.0,2049.0,2050.0
4.385162380000001,1,1024.0,2048.0,2048.0,2049.0
4.401155189000001,3,2050.0,1024.0,2049.0,2050.0
4.4012316910000004,1,1024.0,2048.0,2048.0,2049.0
4.417078828,3,2050.0,1024.0,2049.0,2050.0
4.41714362,1,1024.0,2048.0,2048.0,2049.0
4.433199034,1,1024.0,2048.0,2048.0,2049.0
4.43330375,3,2050.0,1024.0,2049.0,2050.0
4.448965469,3,2050.0,1024.0,2049.0,2050.0
4.449043926,1,1024.0,2048.0,2048.0,2049.0
4.465155613,1,1024.0,2048.0,2048.0,2049.0
4.465252126,3,2050.0,1024.0,2049.0,2050.0
4.481211577000001,3,2050.0,1024.0,2049.0,2050.0
4.481314817,1,1024.0,2048.0,2048.0,2049.0
4.497298575,3,2050.0,1024.0,2049.0,2050.0
4.497382920000001,1,1024.0,2048.0,2048.0,2049.0
4.513303554,3,2050.0,1024.0,2049.0,2050.0
4.513403477000001,1,1024.0,2048.0,2048.0,2049.0
4.529258674,3,2050.0,1024.0,2049.0,2050.0
4.529362246000001,1,1024.0,2048.0,2048.0,2049.0
4.545219465000001,3,2050.0,1024.0,2049.0,2050.0
4.545305195,1,1024.0,2048.0,2048.0,2049.0
4.561150615,3,2050.0,1024.0,2049.0,2050.0
4.561240773000001,1,1024.0,2048.0,2048.0,2049.0
4.577072975,3,2050.0,1024.0,2049.0,2050.0
4.577167989,1,1024.0,2048.0,2048.0,2049.0
4.5930108380000005,1,1024.0,2048.0,2048.0,2049.0
4.593150227000001,3,2050.0,1024.0,2049.0,2050.0
4.609168299,3,2050.0,1024.0,2049.0,2050.0
4.609231798000001,1,1024.0,2048.0,2048.0,2049.0
4.624974051000001,1,1024.0,2048.0,2048.0,2049.0
4.62514726,3,2050.0,1024.0,2049.0,2050.0
4.641401223,3,2050.0,1024.0,2049.0,2050.0
4.64150769,1,1024.0,2048.0,2048.0,2049.0
4.657308785000001,3,2050.0,1024.0,2049.0,2050.0
4.6573946280000005,1,1024.0,2048.0,2048.0,2049.0
4.673331529,3,2050.0,1024.0,2049.0,2050.0
4.673415414,1,1024.0,2048.0,2048.0,2049.0
4.689322025,3,2050.0,1024.0,2050.0,2050.0
4.689405750000001,1,1024.0,2048.0,2048.0,2049.0
4.705108182,3,2050.0,1024.0,2049.0,2050.0
4.705195476,1,1024.0,2048.0,2048.0,2049.0
4.7213401170000004,3,2050.0,1024.0,2050.0,2050.0
4.721425606,1,1024.0,2048.0,2048.0,2049.0
4.737289373,3,2050.0,1024.0,2049.0,2050.0
4.737378519,1,1024.0,2048.0,2048.0,2049.0
4.75323804,3,2050.0,1024.0,2049.0,2050.0
4.753321492,1,1024.0,2048.0,2048.0,2049.0
4.769261665,3,2050.0,1024.0,2049.0,2050.0
4.769347238,1,1024.0,2048.0,2048.0,2049.0
4.785207852,3,2050.0,1024.0,2049.0,2050.0
4.7852930360000006,1,1024.0,2048.0,2048.0,2049.0
4.801072332,3,2050.0,1024.0,2049.0,2050.0
4.8011649190000005,1,1024.0,2048.0,2048.0,2049.0
4.8173067960000004,3,2050.0,1024.0,2049.0,2050.0
4.817396115,1,1024.0,2048.0,2048.0,2049.0
4.833209528,3,2050.0,1024.0,2049.0,2050.0
4.8332977050000006,1,1024.0,2048.0,2048.0,2049.0
4.849165134000001,3,2050.0,1024.0,2049.0,2050.0
4.849284822,1,1024.0,2048.0,2048.0,2049.0
4.865010497,3,2050.0,1024.0,2049.0,2050.0
4.865121842000001,1,1024.0,2048.0,2048.0,2049.0
4.881344748,3,2050.0,1024.0,2049.0,2050.0
4.881430144,1,1024.0,2048.0,2048.0,2049.0
4.89709295,3,2050.0,1024.0,2049.0,2050.0
4.897179711000001,1,1024.0,2048.0,2048.0,2049.0
4.913077446,3,2050.0,1024.0,2049.0,2050.0
4.913163923,1,1024.0,2048.0,2048.0,2049.0
4.928976217000001,3,2050.0,1024.0,2049.0,2050.0
4.929070966,1,1024.0,2048.0,2048.0,2049.0
4.9452024660000005,3,2050.0,1024.0,2049.0,2050.0
4.945287917,1,1024.0,2048.0,2048.0,2049.0
4.961373372000001,3,2050.0,1024.0,2049.0,2050.0
4.961462227,1,1024.0,2048.0,2048.0,2049.0
4.977151200000001,3,2050.0,1024.0,2049.0,2050.0
4.977241436,1,1024.0,2048.0,2048.0,2049.0
4.993105629,3,2050.0,1024.0,2049.0,2050.0
4.9932134370000005,1,1024.0,2048.0,2048.0,2049.0
5.009218222,3,2050.0,1024.0,2049.0,2050.0
5.009302237,1,1024.0,2048.0,2048.0,2049.0
5.025334076,3,2050.0,1024.0,2049.0,2050.0
5.02542504,1,1024.0,2048.0,2048.0,2049.0
5.04118255,3,2050.0,1024.0,2049.0,2050.0
5.0412742680000004,1,1024.0,2048.0,2048.0,2049.0
5.057287099000001,3,2050.0,1024.0,2049.0,2050.0
5.057374812,1,1024.0,2048.0,2048.0,2049.0
5.073128091,3,2050.0,1024.0,2049.0,2050.0
5.073219955,1,1024.0,2048.0,2048.0,2049.0
5.089343198,3,2050.0,1024.0,2049.0,2050.0
5.089435153,1,1024.0,2048.0,2048.0,2049.0
5.105211023000001,3,2050.0,1024.0,2049.0,2050.0
5.105316232000001,1,1024.0,2048.0,2048.0,2049.0
5.121289947,3,2050.0,1024.0,2049.0,2050.0
5.121380482,1,1024.0,2048.0,2048.0,2049.0
5.137098658,3,2050.0,1024.0,2049.0,2050.0
5.137186704,1,1024.0,2048.0,2048.0,2049.0
5.153241941,3,2050.0,1024.0,2049.0,2050.0
5.153331405,1,1024.0,2048.0,2048.0,2049.0
5.169169041,3,2050.0,1024.0,2049.0,2050.0
5.169263692,1,1024.0,2048.0,2048.0,2049.0
5.185053349,3,2050.0,1024.0,2049.0,2050.0
5.185143194,1,1024.0,2048.0,2048.0,2049.0
5.201237590000001,3,2050.0,1024.0,2049.0,2050.0
5.201328505,1,1024.0,2048.0,2048.0,2049.0
5.217261849000001,3,2050.0,1024.0,2049.0,2050.0
5.217350057,1,1024.0,2048.0,2048.0,2049.0
5.233079771000001,3,2050.0,1024.0,2049.0,2050.0
5.2331708390000005,1,1024.0,2048.0,2048.0,2049.0
5.2492968090000005,3,2050.0,1024.0,2049.0,2050.0
5.249386078000001,1,1024.0,2048.0,2048.0,2049.0
5.26531032,3,2050.0,1024.0,2049.0,2050.0
5.265396449000001,1,1024.0,2048.0,2048.0,2049.0
5.2812054260000005,3,2050.0,1024.0,2049.0,2050.0
5.281290869,1,1024.0,2048.0,2048.0,2049.0
5.297052548,3,2050.0,1024.0,2049.0,2050.0
5.297147998000001,1,1024.0,2048.0,2048.0,2049.0
5.313186976,3,2050.0,1024.0,2049.0,2050.0
5.313274256000001,1,1024.0,2048.0,2048.0,2049.0
5.329242321000001,3,2050.0,1024.0,2049.0,2050.0
5.329329845,1,1024.0,2048.0,2048.0,2049.0
5.345150757000001,3,2050.0,1024.0,2049.0,2050.0
5.345245065,1,1024.0,2048.0,2048.0,2049.0
5.361089388,3,2050.0,1024.0,2049.0,2050.0
5.361202964,1,1024.0,2048.0,2048.0,2049.0
5.377284193,3,2050.0,1024.0,2049.0,2050.0
5.377439639,1,1024.0,2048.0,2048.0,2049.0
5.393286805000001,3,2050.0,1024.0,2049.0,2050.0
5.393437989000001,1,1024.0,2048.0,2048.0,2049.0
5.409373628,3,2050.0,1024.0,2049.0,2050.0
5.409524692000001,1,1024.0,2048.0,2048.0,2049.0
5.425372084,3,2050.0,1024.0,2049.0,2050.0
5.425525464000001,1,1024.0,2048.0,2048.0,2049.0
5.441363385000001,3,2050.0,1024.0,2049.0,2050.0
5.44151892,1,1024.0,2048.0,2048.0,2049.0
5.457084343,3,2050.0,1024.0,2049.0,2050.0
5.457241176,1,1024.0,2048.0,2048.0,2049.0
5.473364353,3,2050.0,1024.0,2049.0,2050.0
5.4735162410000004,1,1024.0,2048.0,2048.0,2049.0
5.489280824000001,3,2050.0,1024.0,2049.0,2050.0
5.489432721,1,1024.0,2048.0,2048.0,2049.0
5.5052420810000005,3,2050.0,1024.0,2049.0,2050.0
5.5053350420000005,1,1024.0,2048.0,2048.0,2049.0
5.521069919,3,2050.0,1024.0,2049.0,2050.0
5.521155888,1,1024.0,2048.0,2048.0,2049.0
5.537074420000001,3,2050.0,1024.0,2049.0,2050.0
5.537181928000001,1,1024.0,2048.0,2048.0,2049.0
5.553176735,3,2050.0,1024.0,2049.0,2050.0
5.553325361000001,1,1024.0,2048.0,2048.0,2049.0
5.569386823,3,2050.0,1024.0,2049.0,2050.0
5.569536053,1,1024.0,2048.0,2048.0,2049.0
5.585215443,3,2050.0,1024.0,2049.0,2050.0
5.585367548000001,1,1024.0,2048.0,2048.0,2049.0
5.601194993,3,2050.0,1024.0,2049.0,2050.0
5.6013467750000006,1,1024.0,2048.0,2048.0,2049.0
5.617361065000001,3,2050.0,1024.0,2049.0,2050.0
5.617515696000001,1,1024.0,2048.0,2048.0,2049.0
5.633304165,3,2050.0,1024.0,2049.0,2050.0
5.63345902,1,1024.0,2048.0,2048.0,2049.0
5.649142588,3,2050.0,1024.0,2049.0,2050.0
5.649294327000001,1,1024.0,2048.0,2048.0,2049.0
5.665352556,3,2050.0,1024.0,2049.0,2050.0
5.665570711,1,1024.0,2048.0,2048.0,2049.0
5.681455559000001,3,2050.0,1024.0,2049.0,2050.0
5.681689156,1,1024.0,2048.0,2048.0,2049.0
5.697403208000001,3,2050.0,1024.0,2049.0,2050.0
5.697646416,1,1024.0,2048.0,2048.0,2049.0
5.713131334000001,3,2050.0,1024.0,2049.0,2050.0
5.713272742,1,1024.0,2048.0,2048.0,2049.0
5.729204872,3,2050.0,1024.0,2049.0,2050.0
5.729298266000001,1,1024.0,2048.0,2048.0,2049.0
5.7452611010000005,3,2050.0,1024.0,2049.0,2050.0
5.745348610000001,1,1024.0,2048.0,2048.0,2049.0
5.761254769000001,3,2050.0,1024.0,2049.0,2050.0
5.761342937,1,1024.0,2048.0,2048.0,2049.0
5.777243898,3,2050.0,1024.0,2049.0,2050.0
5.7773277940000005,1,1024.0,2048.0,2048.0,2049.0
5.7931353130000005,3,2050.0,1024.0,2049.0,2050.0
5.793218492,1,1024.0,2048.0,2048.0,2049.0
5.809263614000001,3,2050.0,1024.0,2049.0,2050.0
5.809348569,1,1024.0,2048.0,2048.0,2049.0
5.825335861,3,2050.0,1024.0,2049.0,2050.0
5.82542203,1,1024.0,2048.0,2048.0,2049.0
5.841297964000001,3,2050.0,1024.0,2049.0,2050.0
5.841412559,1,1024.0,2048.0,2048.0,2049.0
5.857174334000001,3,2050.0,1024.0,2049.0,2050.0
5.857262181,1,1024.0,2048.0,2048.0,2049.0
5.873093453,3,2050.0,1024.0,2049.0,2050.0
5.873212798,1,1024.0,2048.0,2048.0,2049.0
5.889116914000001,3,2050.0,1024.0,2049.0,2050.0
5.889206325,1,1024.0,2048.0,2048.0,2049.0
5.905102209000001,3,2050.0,1024.0,2049.0,2050.0
5.905186364,1,1024.0,2048.0,2048.0,2049.0
5.921173514,3,2050.0,1024.0,2049.0,2050.0
5.921262373,1,1024.0,2048.0,2048.0,2049.0
5.937220937,3,2050.0,1024.0,2049.0,2050.0
5.937311322,1,1024.0,2048.0,2048.0,2049.0
5.95308537,3,2050.0,1024.0,2049.0,2050.0
5.953171811000001,1,1024.0,2048.0,2048.0,2049.0
5.969263319,3,2050.0,1024.0,2049.0,2050.0
5.969351312000001,1,1024.0,2048.0,2048.0,2049.0
5.985127122000001,3,2050.0,1024.0,2049.0,2050.0
5.985239054,1,1024.0,2048.0,2048.0,2049.0
6.001034828000001,3,2050.0,1024.0,2049.0,2050.0
6.001127971000001,1,1024.0,2048.0,2048.0,2049.0
6.017044886000001,3,2050.0,1024.0,2049.0,2050.0
6.017133606000001,1,1024.0,2048.0,2048.0,2049.0
6.033100331,3,2050.0,1024.0,2049.0,2050.0
6.033184191,1,1024.0,2048.0,2048.0,2049.0
6.049104463000001,3,2050.0,1024.0,2049.0,2050.0
6.049190536,1,1024.0,2048.0,2048.0,2049.0
6.0650706240000005,3,2050.0,1024.0,2049.0,2050.0
6.0652014350000005,1,1024.0,2048.0,2048.0,2049.0
6.081112137000001,3,2050.0,1024.0,2049.0,2050.0
6.081197478,1,1024.0,2048.0,2048.0,2049.0
6.0970996820000005,3,2050.0,1024.0,2049.0,2050.0
6.097188775,1,1024.0,2048.0,2048.0,2049.0
6.1132851310000005,3,2050.0,1024.0,2049.0,2050.0
6.113374293000001,1,1024.0,2048.0,2048.0,2049.0
6.129244320000001,3,2050.0,1024.0,2049.0,2050.0
6.12933209,1,1024.0,2048.0,2048.0,2049.0
6.14531556,3,2050.0,1024.0,2049.0,2050.0
6.145402646,1,1024.0,2048.0,2048.0,2049.0
6.161285418,3,2050.0,1024.0,2049.0,2050.0
6.161372302,1,1024.0,2048.0,2048.0,2049.0
6.177185328,3,2050.0,1024.0,2050.0,2050.0
6.177273048,1,1024.0,2048.0,2048.0,2049.0
6.193251995000001,3,2050.0,1024.0,2049.0,2050.0
6.193340222000001,1,1024.0,2048.0,2048.0,2049.0
6.2090987900000005,3,2050.0,1024.0,2049.0,2050.0
6.2091801460000005,1,1024.0,2048.0,2048.0,2049.0
6.225103607,3,2050.0,1024.0,2049.0,2050.0
6.225190174000001,1,1024.0,2048.0,2048.0,2049.0
6.241162514,3,2050.0,1024.0,2049.0,2050.0
6.241254646000001,1,1024.0,2048.0,2048.0,2049.0
6.257201688,3,2050.0,1024.0,2049.0,2050.0
6.257289345,1,1024.0,2048.0,2048.0,2049.0
6.273019844,3,2050.0,1024.0,2049.0,2050.0
6.273119344,1,1024.0,2048.0,2048.0,2049.0
6.289147434,3,2050.0,1024.0,2049.0,2050.0
6.289238575000001,1,1024.0,2048.0,2048.0,2049.0
6.305156446000001,3,2050.0,1024.0,2049.0,2050.0
6.305259612,1,1024.0,2048.0,2048.0,2049.0
6.321308989,3,2050.0,1024.0,2049.0,2050.0
6.321413255,1,1024.0,2048.0,2048.0,2049.0
6.3373905530000005,3,2050.0,1024.0,2049.0,2050.0
6.337494916000001,1,1024.0,2048.0,2048.0,2049.0
6.3532507250000005,3,2050.0,1024.0,2050.0,2050.0
6.353336512,1,1024.0,2048.0,2048.0,2049.0
6.36921375,3,2050.0,1024.0,2049.0,2050.0
6.369301451,1,1024.0,2048.0,2048.0,2049.0
6.385195959000001,3,2050.0,1024.0,2049.0,2050.0
6.385285924000001,1,1024.0,2048.0,2048.0,2049.0
6.401166998000001,3,2050.0,1024.0,2049.0,2050.0
6.4012591610000005,1,1024.0,2048.0,2048.0,2049.0
6.417267701,3,2050.0,1024.0,2049.0,2050.0
6.4173526910000005,1,1024.0,2048.0,2048.0,2049.0
6.433261575,3,2050.0,1024.0,2049.0,2050.0
6.433349719000001,1,1024.0,2048.0,2048.0,2049.0
6.449271690000001,3,2050.0,1024.0,2049.0,2050.0
6.449357151,1,1024.0,2048.0,2048.0,2049.0
6.465229947,3,2050.0,1024.0,2049.0,2050.0
6.465317443,1,1024.0,2048.0,2048.0,2049.0
6.481232713000001,3,2050.0,1024.0,2049.0,2050.0
6.481319236,1,1024.0,2048.0,2048.0,2049.0
6.497236888000001,3,2050.0,1024.0,2049.0,2050.0
6.497321719,1,1024.0,2048.0,2048.0,2049.0
6.513212339000001,3,2050.0,1024.0,2049.0,2050.0
6.513298798,1,1024.0,2048.0,2048.0,2049.0
6.529091997,3,2050.0,1024.0,2049.0,2050.0
6.529183115,1,1024.0,2048.0,2048.0,2049.0
6.545137281000001,3,2050.0,1024.0,2049.0,2050.0
6.545224721,1,1024.0,2048.0,2048.0,2049.0
6.5611122260000005,3,2050.0,1024.0,2049.0,2050.0
6.561198007000001,1,1024.0,2048.0,2048.0,2049.0
6.577024679,3,2050.0,1024.0,2049.0,2050.0
6.577120286,1,1024.0,2048.0,2048.0,2049.0
6.593187938000001,3,2050.0,1024.0,2049.0,2050.0
6.593271138,1,1024.0,2048.0,2048.0,2049.0
6.609244687,3,2050.0,1024.0,2049.0,2050.0
6.609336203000001,1,1024.0,2048.0,2048.0,2049.0
6.625340669000001,3,2050.0,1024.0,2049.0,2050.0
6.625429191,1,1024.0,2048.0,2048.0,2049.0
6.641238901,3,2050.0,1024.0,2049.0,2050.0
6.641326612,1,1024.0,2048.0,2048.0,2049.0
6.657081162000001,3,2050.0,1024.0,2049.0,2050.0
6.657166994000001,1,1024.0,2048.0,2048.0,2049.0
6.67321246,3,2050.0,1024.0,2049.0,2050.0
6.673302074,1,1024.0,2048.0,2048.0,2049.0
6.68911574,3,2050.0,1024.0,2049.0,2050.0
6.689201574,1,1024.0,2048.0,2048.0,2049.0
6.705139063000001,3,2050.0,1024.0,2049.0,2050.0
6.705225523,1,1024.0,2048.0,2048.0,2049.0
6.721246968,3,2050.0,1024.0,2049.0,2050.0
6.721357149,1,1024.0,2048.0,2048.0,2049.0
6.73720342,3,2050.0,1024.0,2049.0,2050.0
6.7372945920000005,1,1024.0,2048.0,2048.0,2049.0
6.753183348,3,2050.0,1024.0,2049.0,2050.0
6.753270589,1,1024.0,2048.0,2048.0,2049.0
6.769064118,3,2050.0,1024.0,2049.0,2050.0
6.769170078,1,1024.0,2048.0,2048.0,2049.0
6.785102141,3,2050.0,1024.0,2049.0,2050.0
6.785188458,1,1024.0,2048.0,2048.0,2049.0
6.801043141,3,2050.0,1024.0,2049.0,2050.0
6.8011311690000005,1,1024.0,2048.0,2048.0,2049.0
6.816962094000001,3,2050.0,1024.0,2049.0,2050.0
6.8170539660000005,1,1024.0,2048.0,2048.0,2049.0
6.832957232,3,2050.0,1024.0,2049.0,2050.0
6.833040994,1,1024.0,2048.0,2048.0,2049.0
6.849191224,3,2050.0,1024.0,2049.0,2050.0
6.849284617,1,1024.0,2048.0,2048.0,2049.0
6.865150745,3,2050.0,1024.0,2049.0,2050.0
6.865245256000001,1,1024.0,2048.0,2048.0,2049.0
6.881260858,3,2050.0,1024.0,2049.0,2050.0
6.881347489,1,1024.0,2048.0,2048.0,2049.0
6.8975554290000005,3,2050.0,1024.0,2049.0,2050.0
6.8976445570000005,1,1024.0,2048.0,2048.0,2049.0
6.9134423830000005,3,2051.0,1022.0,2051.0,2052.0
6.913546886000001,1,1026.0,2048.0,2050.0,2051.0
6.9293622500000005,3,2059.0,1011.0,2059.0,2063.0
6.929448912000001,1,1034.0,2048.0,2059.0,2062.0
6.945324812000001,1,1045.0,2048.0,2070.0,2074.0
6.945463092000001,3,2071.0,999.0,2069.0,2074.0
6.961497363,3,2085.0,985.0,2084.0,2087.0
6.961582225000001,1,1059.0,2048.0,2084.0,2087.0
6.977467096000001,3,2101.0,973.0,2099.0,2101.0
6.9775587660000005,1,1073.0,2048.0,2097.0,2100.0
6.9934705070000005,3,2114.0,961.0,2113.0,2114.0
6.993554723000001,1,1089.0,2048.0,2110.0,2112.0
7.009471991000001,3,2126.0,948.0,2124.0,2126.0
7.009569538,1,1102.0,2048.0,2124.0,2125.0
7.025502432000001,3,2136.0,936.0,2136.0,2138.0
7.025588947,1,1113.0,2048.0,2136.0,2137.0
7.041227471,3,2148.0,924.0,2149.0,2150.0
7.041322067,1,1123.0,2048.0,2148.0,2150.0
7.057381511,3,2161.0,910.0,2161.0,2163.0
7.057467141,1,1136.0,2048.0,2160.0,2163.0
7.073291226,3,2174.0,899.0,2174.0,2175.0
7.073383916,1,1150.0,2048.0,2173.0,2174.0
7.089227278,3,2187.0,886.0,2187.0,2188.0
7.089321072000001,1,1165.0,2048.0,2187.0,2188.0
7.104956103,3,2199.0,874.0,2199.0,2201.0
7.105039098000001,1,1178.0,2047.0,2199.0,2200.0
7.121042247,3,2211.0,861.0,2212.0,2213.0
7.121143374000001,1,1190.0,2047.0,2211.0,2212.0
7.137076798000001,3,2224.0,849.0,2224.0,2226.0
7.137163654,1,1200.0,2048.0,2223.0,2225.0
7.153128959,3,2236.0,837.0,2236.0,2238.0
7.153214632,1,1213.0,2048.0,2236.0,2238.0
7.168942024000001,3,2248.0,825.0,2247.0,2250.0
7.169023399,1,1227.0,2048.0,2251.0,2250.0
7.185055768000001,3,2260.0,811.0,2261.0,2263.0
7.185138112000001,1,1241.0,2048.0,2263.0,2262.0
7.201099931000001,3,2273.0,800.0,2272.0,2276.0
7.201186553,1,1252.0,2048.0,2275.0,2274.0
7.2170612620000005,3,2285.0,787.0,2285.0,2288.0
7.217145855,1,1263.0,2048.0,2287.0,2286.0
7.23307006,3,2297.0,774.0,2297.0,2301.0
7.233157800000001,1,1276.0,2048.0,2299.0,2299.0
7.248970888000001,3,2310.0,762.0,2310.0,2314.0
7.249060500000001,1,1291.0,2049.0,2312.0,2313.0
7.264969164,3,2323.0,750.0,2322.0,2326.0
7.265055801000001,1,1303.0,2048.0,2325.0,2324.0
7.280941709,3,2336.0,737.0,2335.0,2339.0
7.281029645,1,1317.0,2047.0,2337.0,2336.0
7.296910306,3,2347.0,725.0,2347.0,2351.0
7.2969950390000005,1,1328.0,2048.0,2350.0,2348.0
7.313097523000001,3,2360.0,713.0,2360.0,2364.0
7.313185927,1,1340.0,2048.0,2362.0,2362.0
7.329011413000001,3,2372.0,700.0,2372.0,2377.0
7.329101827000001,1,1354.0,2048.0,2375.0,2374.0
7.344950292,3,2385.0,688.0,2385.0,2390.0
7.345051483000001,1,1367.0,2048.0,2388.0,2387.0
7.361038681,3,2398.0,675.0,2397.0,2402.0
7.361132721000001,1,1379.0,2048.0,2400.0,2399.0
7.377029984000001,3,2410.0,663.0,2410.0,2414.0
7.377123755,1,1392.0,2048.0,2412.0,2412.0
7.393031711000001,3,2423.0,650.0,2422.0,2427.0
7.393157648000001,1,1404.0,2049.0,2424.0,2424.0
7.409073531000001,3,2435.0,637.0,2435.0,2439.0
7.409154939,1,1418.0,2048.0,2437.0,2436.0
7.4249374470000005,3,2448.0,632.0,2447.0,2452.0
7.425019722,1,1430.0,2048.0,2450.0,2448.0
7.441221422000001,3,2460.0,632.0,2460.0,2464.0
7.441306495,1,1443.0,2048.0,2463.0,2461.0
7.457016663,3,2473.0,632.0,2472.0,2477.0
7.4571072130000005,1,1455.0,2048.0,2476.0,2473.0
7.473102901000001,3,2485.0,632.0,2485.0,2490.0
7.473195551000001,1,1467.0,2049.0,2488.0,2486.0
7.489061348000001,3,2499.0,632.0,2498.0,2502.0
7.489146057,1,1481.0,2048.0,2500.0,2498.0
7.504880786,3,2511.0,632.0,2511.0,2514.0
7.504959793,1,1493.0,2048.0,2513.0,2511.0
7.521071926,3,2524.0,632.0,2523.0,2527.0
7.521159216,1,1506.0,2048.0,2525.0,2523.0
7.536986022000001,3,2537.0,632.0,2536.0,2538.0
7.537074703,1,1518.0,2048.0,2538.0,2535.0
7.552944521000001,3,2548.0,632.0,2548.0,2552.0
7.5530293550000005,1,1531.0,2048.0,2550.0,2548.0
7.568903199,3,2551.0,632.0,2562.0,2565.0
7.568987248000001,1,1544.0,2048.0,2563.0,2561.0
7.584901283000001,3,2551.0,632.0,2574.0,2578.0
7.584984256,1,1556.0,2048.0,2576.0,2569.0
7.601070900000001,3,2551.0,632.0,2586.0,2590.0
7.60115795,1,1566.0,2048.0,2588.0,2569.0
7.616970163,3,2551.0,632.0,2598.0,2603.0
7.617053488000001,1,1567.0,2048.0,2600.0,2569.0
7.632995586000001,3,2551.0,632.0,2611.0,2615.0
7.633086189,1,1566.0,2048.0,2613.0,2569.0
7.649125591000001,3,2550.0,632.0,2623.0,2629.0
7.6492129790000005,1,1565.0,2048.0,2625.0,2569.0
7.665038262,3,2551.0,632.0,2636.0,2642.0
7.6651281760000005,1,1566.0,2048.0,2637.0,2569.0
7.681022864000001,3,2551.0,632.0,2649.0,2655.0
7.6811123310000005,1,1567.0,2048.0,2650.0,2569.0
7.697009336000001,3,2551.0,632.0,2661.0,2667.0
7.697098146,1,1566.0,2048.0,2663.0,2569.0
7.713029724,3,2551.0,632.0,2673.0,2679.0
7.713123015000001,1,1566.0,2048.0,2675.0,2569.0
7.728967853,3,2551.0,632.0,2686.0,2692.0
7.7290537640000005,1,1566.0,2048.0,2687.0,2569.0
7.744978474000001,3,2551.0,632.0,2699.0,2705.0
7.745068983,1,1567.0,2048.0,2699.0,2569.0
7.761076010000001,3,2551.0,632.0,2711.0,2718.0
7.761159366,1,1567.0,2048.0,2712.0,2569.0
7.776942526000001,3,2550.0,632.0,2724.0,2729.0
7.7770284830000005,1,1566.0,2048.0,2725.0,2569.0
7.792920543,3,2551.0,632.0,2736.0,2743.0
7.7930078080000005,1,1566.0,2048.0,2736.0,2569.0
7.809028743000001,3,2551.0,632.0,2749.0,2754.0
7.809119882,1,1567.0,2048.0,2749.0,2569.0
7.824892705000001,3,2550.0,632.0,2763.0,2766.0
7.824978805000001,1,1567.0,2048.0,2761.0,2569.0
7.840847352000001,3,2551.0,632.0,2775.0,2779.0
7.840925211,1,1566.0,2048.0,2773.0,2569.0
7.857013814,3,2551.0,632.0,2788.0,2791.0
7.857109510000001,1,1566.0,2048.0,2786.0,2569.0
7.872904668,3,2551.0,632.0,2800.0,2804.0
7.872988445000001,1,1567.0,2048.0,2799.0,2569.0
7.888942993000001,3,2551.0,632.0,2812.0,2817.0
7.889033301,1,1567.0,2048.0,2811.0,2569.0
7.905008529000001,3,2551.0,632.0,2825.0,2829.0
7.905098574,1,1566.0,2048.0,2822.0,2569.0
7.920898713000001,3,2551.0,632.0,2838.0,2843.0
7.920984106000001,1,1566.0,2048.0,2834.0,2569.0
7.9368940210000005,3,2551.0,632.0,2850.0,2854.0
7.936981592,1,1566.0,2048.0,2847.0,2569.0
7.952938351,3,2551.0,632.0,2863.0,2866.0
7.953023424,1,1567.0,2048.0,2860.0,2569.0
7.968937018,3,2551.0,632.0,2875.0,2879.0
7.969023198,1,1566.0,2048.0,2872.0,2569.0
7.984880761,3,2551.0,632.0,2888.0,2892.0
7.984964894000001,1,1567.0,2049.0,2883.0,2569.0
8.000968045,3,2551.0,632.0,2900.0,2904.0
8.001057135,1,1566.0,2048.0,2896.0,2569.0
8.016918981,3,2551.0,632.0,2913.0,2916.0
8.017009565,1,1567.0,2048.0,2908.0,2569.0
8.032932362,3,2551.0,632.0,2926.0,2929.0
8.033020843000001,1,1566.0,2048.0,2921.0,2569.0
8.048961025,3,2551.0,632.0,2933.0,2942.0
8.049074581000001,1,1566.0,2048.0,2934.0,2569.0
8.064820688000001,3,2551.0,632.0,2933.0,2954.0
8.064915538000001,1,1567.0,2048.0,2945.0,2569.0
8.080957464,1,1567.0,2048.0,2957.0,2569.0
8.081070048,3,2551.0,632.0,2933.0,2967.0
8.096885642,3,2551.0,632.0,2933.0,2979.0
8.096979687000001,1,1566.0,2048.0,2970.0,2569.0
8.113004859,3,2551.0,632.0,2933.0,2992.0
8.113100768,1,1566.0,2048.0,2982.0,2569.0
8.129030167,3,2551.0,632.0,2933.0,3005.0
8.129121308,1,1567.0,2048.0,2995.0,2569.0
8.145025102,3,2551.0,632.0,2933.0,3017.0
8.145115384,1,1567.0,2048.0,3008.0,2569.0
8.160946548,3,2551.0,632.0,2933.0,3028.0
8.161032786,1,1567.0,2048.0,3019.0,2569.0
8.176802748,3,2551.0,632.0,2933.0,3028.0
8.176895183000001,1,1566.0,2048.0,3032.0,2569.0
8.193059765000001,3,2551.0,632.0,2933.0,3029.0
8.193145181,1,1567.0,2048.0,3044.0,2569.0
8.208947517,3,2551.0,632.0,2933.0,3029.0
8.209033371,1,1566.0,2048.0,3057.0,2569.0
8.225000342000001,3,2551.0,632.0,2933.0,3029.0
8.22509,1,1566.0,2048.0,3069.0,2569.0
8.240946712000001,3,2551.0,632.0,2933.0,3029.0
8.241034321,1,1567.0,2048.0,3082.0,2569.0
8.256908374,3,2551.0,632.0,2933.0,3029.0
8.256991039,1,1566.0,2048.0,3093.0,2569.0
8.272882901000001,3,2551.0,632.0,2933.0,3029.0
8.272966108,1,1566.0,2047.0,3106.0,2569.0
8.288835983,3,2550.0,632.0,2933.0,3030.0
8.288915362000001,1,1566.0,2048.0,3117.0,2569.0
8.304905015000001,3,2551.0,632.0,2933.0,3030.0
8.304993856000001,1,1566.0,2048.0,3130.0,2569.0
8.320851597,3,2551.0,632.0,2934.0,3030.0
8.320936399,1,1566.0,2048.0,3132.0,2569.0
8.336941783,3,2551.0,632.0,2934.0,3030.0
8.337025231,1,1566.0,2048.0,3132.0,2569.0
8.352926027,3,2550.0,632.0,2934.0,3030.0
8.353015669000001,1,1566.0,2048.0,3132.0,2569.0
8.368973863,3,2551.0,632.0,2934.0,3030.0
8.36906223,1,1566.0,2048.0,3133.0,2569.0
8.384753149,3,2551.0,632.0,2934.0,3031.0
8.384844643000001,1,1566.0,2048.0,3133.0,2569.0
8.400740281000001,1,1566.0,2048.0,3133.0,2569.0
8.400885695000001,3,2551.0,632.0,2934.0,3030.0
8.416875949000001,3,2551.0,632.0,2934.0,3030.0
8.416962673,1,1566.0,2048.0,3132.0,2569.0
8.432896187,3,2551.0,632.0,2934.0,3030.0
8.432987943,1,1566.0,2048.0,3133.0,2569.0
8.448876864,3,2551.0,632.0,2934.0,3030.0
8.448975826,1,1566.0,2048.0,3133.0,2569.0
8.464870213000001,3,2551.0,632.0,2934.0,3030.0
8.464962701000001,1,1566.0,2048.0,3133.0,2568.0
8.481013469,3,2551.0,632.0,2934.0,3030.0
8.481177839,1,1566.0,2048.0,3133.0,2569.0
8.496849358,3,2551.0,632.0,2934.0,3030.0
8.496931629,1,1566.0,2048.0,3133.0,2569.0
8.512946547,3,2551.0,632.0,2934.0,3030.0
8.513035217,1,1566.0,2048.0,3133.0,2569.0
8.528958107000001,3,2551.0,632.0,2934.0,3030.0
8.529052002,1,1566.0,2048.0,3133.0,2569.0
8.544881689,3,2551.0,632.0,2934.0,3031.0
8.544966354000001,1,1566.0,2048.0,3133.0,2569.0
8.56089306,3,2551.0,632.0,2934.0,3030.0
8.560982583000001,1,1566.0,2048.0,3133.0,2569.0
8.576870623000001,3,2551.0,632.0,2934.0,3030.0
8.576953404000001,1,1566.0,2048.0,3133.0,2569.0
8.592824890000001,3,2551.0,632.0,2934.0,3031.0
8.592916835,1,1566.0,2048.0,3133.0,2569.0
8.608902824000001,3,2551.0,632.0,2934.0,3030.0
8.608988283,1,1566.0,2048.0,3133.0,2569.0
8.624680473,3,2551.0,632.0,2934.0,3030.0
8.624782975,1,1566.0,2048.0,3133.0,2569.0
8.640906486,3,2551.0,632.0,2934.0,3030.0
8.640989239000001,1,1566.0,2048.0,3133.0,2569.0
8.656882082000001,3,2551.0,632.0,2934.0,3030.0
8.656971521000001,1,1566.0,2048.0,3133.0,2569.0
8.672878612,3,2551.0,632.0,2934.0,3030.0
8.672962324,1,1566.0,2048.0,3133.0,2569.0
8.688922550000001,3,2551.0,632.0,2934.0,3030.0
8.689005367,1,1566.0,2048.0,3133.0,2569.0
8.704881109,3,2551.0,632.0,2934.0,3030.0
8.704963194000001,1,1566.0,2048.0,3133.0,2569.0
8.720880466,3,2551.0,632.0,2934.0,3030.0
8.720968812,1,1566.0,2048.0,3133.0,2569.0
8.736870355,3,2551.0,632.0,2934.0,3030.0
8.736952511,1,1566.0,2048.0,3133.0,2569.0
8.752890715000001,3,2551.0,632.0,2934.0,3030.0
8.753000158,1,1566.0,2048.0,3133.0,2569.0
8.768881168,3,2551.0,632.0,2934.0,3030.0
8.76896546,1,1566.0,2048.0,3133.0,2569.0
8.785002516,3,2551.0,632.0,2934.0,3030.0
8.785094419,1,1566.0,2048.0,3133.0,2569.0
8.800890432000001,3,2551.0,632.0,2934.0,3030.0
8.800976187,1,1566.0,2048.0,3133.0,2569.0
8.817052752,3,2551.0,632.0,2934.0,3030.0
8.817135472,1,1566.0,2048.0,3133.0,2569.0
8.833172005,3,2551.0,632.0,2934.0,3030.0
8.833256034,1,1566.0,2048.0,3133.0,2569.0
8.849169294000001,3,2551.0,632.0,2934.0,3030.0
8.849253239000001,1,1566.0,2048.0,3133.0,2569.0
8.865207322,3,2551.0,632.0,2934.0,3030.0
8.865293158,1,1566.0,2048.0,3133.0,2569.0
8.881144103,3,2551.0,632.0,2934.0,3030.0
8.881231694,1,1566.0,2048.0,3133.0,2569.0
8.897159206000001,3,2551.0,632.0,2934.0,3030.0
8.897242833,1,1566.0,2048.0,3133.0,2569.0
8.913091815000001,3,2551.0,632.0,2934.0,3030.0
8.913177247,1,1566.0,2048.0,3133.0,2569.0
8.928984786000001,3,2551.0,632.0,2934.0,3030.0
8.929073705,1,1566.0,2048.0,3133.0,2569.0
8.945042315,3,2551.0,632.0,2934.0,3030.0
8.945131774,1,1566.0,2048.0,3133.0,2569.0
8.960997821000001,3,2551.0,632.0,2934.0,3030.0
8.961088731,1,1566.0,2048.0,3133.0,2569.0
8.977023967000001,3,2551.0,632.0,2934.0,3030.0
8.977112336000001,1,1566.0,2048.0,3133.0,2569.0
8.993276014000001,3,2551.0,632.0,2934.0,3030.0
8.993371659000001,1,1566.0,2048.0,3133.0,2569.0
9.009098627,3,2551.0,632.0,2934.0,3030.0
9.009184001000001,1,1566.0,2048.0,3133.0,2569.0
9.025118489,3,2551.0,632.0,2934.0,3030.0
9.0252009,1,1566.0,2048.0,3133.0,2569.0
9.041192693000001,3,2551.0,632.0,2934.0,3030.0
9.041276155,1,1566.0,2048.0,3133.0,2569.0
9.057233291000001,3,2551.0,632.0,2934.0,3030.0
9.057316995,1,1566.0,2048.0,3133.0,2569.0
9.073186266,3,2551.0,632.0,2934.0,3030.0
9.073273836,1,1566.0,2048.0,3133.0,2569.0
9.089000953000001,3,2551.0,632.0,2934.0,3030.0
9.089094458,1,1566.0,2048.0,3133.0,2569.0
9.105129482,3,2551.0,632.0,2934.0,3030.0
9.105220306000001,1,1566.0,2048.0,3133.0,2569.0
9.121033096000001,3,2551.0,632.0,2934.0,3030.0
9.121133662,1,1566.0,2048.0,3133.0,2569.0
9.136987017000001,3,2551.0,632.0,2934.0,3030.0
9.13709101,1,1566.0,2048.0,3133.0,2569.0
9.152949363000001,3,2551.0,632.0,2934.0,3030.0
9.153035299,1,1566.0,2048.0,3133.0,2569.0
9.168920909,3,2551.0,632.0,2934.0,3030.0
9.169017165000001,1,1566.0,2048.0,3133.0,2569.0
9.185063656,3,2551.0,632.0,2934.0,3030.0
9.185149831,1,1566.0,2048.0,3133.0,2569.0
9.200975101000001,3,2551.0,632.0,2934.0,3030.0
9.201063128000001,1,1566.0,2048.0,3133.0,2569.0
9.216915873000001,3,2551.0,632.0,2934.0,3030.0
9.217002103,1,1566.0,2048.0,3133.0,2569.0
9.232751574,3,2551.0,632.0,2934.0,3030.0
9.232836173,1,1566.0,2048.0,3133.0,2569.0
9.249239155,3,2551.0,632.0,2934.0,3030.0
9.24935048,1,1566.0,2048.0,3133.0,2569.0
9.264775310000001,3,2551.0,632.0,2934.0,3030.0
9.264860826000001,1,1566.0,2048.0,3133.0,2569.0
9.280958635000001,3,2551.0,632.0,2934.0,3030.0
9.281052199000001,1,1566.0,2048.0,3133.0,2569.0
9.297104711000001,3,2551.0,632.0,2934.0,3030.0
9.297188008000001,1,1566.0,2048.0,3133.0,2569.0
9.313064632000001,3,2551.0,632.0,2934.0,3030.0
9.313149801,1,1566.0,2048.0,3133.0,2569.0
9.329028852,3,2551.0,632.0,2934.0,3030.0
9.329117732,1,1566.0,2048.0,3133.0,2569.0
9.344985425,3,2551.0,632.0,2934.0,3030.0
9.345072915000001,1,1566.0,2048.0,3133.0,2569.0
9.360753476000001,3,2551.0,632.0,2934.0,3030.0
9.360838704,1,1566.0,2048.0,3133.0,2569.0
9.376990811,3,2551.0,632.0,2934.0,3030.0
9.377082521,1,1566.0,2048.0,3133.0,2569.0
9.393010563,3,2551.0,632.0,2934.0,3030.0
9.393103177,1,1566.0,2048.0,3133.0,2569.0
9.409226012000001,3,2551.0,632.0,2934.0,3030.0
9.40931497,1,1566.0,2048.0,3133.0,2569.0
9.425132841,3,2551.0,632.0,2934.0,3030.0
9.425232991000001,1,1566.0,2048.0,3133.0,2569.0
9.441007807,3,2551.0,632.0,2934.0,3030.0
9.441099884,1,1566.0,2048.0,3133.0,2569.0
9.456977619,3,2551.0,632.0,2934.0,3030.0
9.457065397000001,1,1566.0,2048.0,3133.0,2569.0
9.472951515,3,2551.0,632.0,2934.0,3030.0
9.473035730000001,1,1566.0,2048.0,3133.0,2569.0
9.489013817,3,2551.0,632.0,2934.0,3030.0
9.489101685000001,1,1566.0,2048.0,3133.0,2569.0
9.504881607,3,2551.0,632.0,2934.0,3030.0
9.504965685,1,1566.0,2048.0,3133.0,2569.0
9.520884796,3,2551.0,632.0,2934.0,3030.0
9.52096053,1,1566.0,2048.0,3133.0,2569.0
9.53701618,3,2551.0,632.0,2934.0,3030.0
9.537107899,1,1566.0,2048.0,3133.0,2569.0
9.552928968,3,2551.0,632.0,2934.0,3030.0
9.553012828,1,1566.0,2048.0,3133.0,2569.0
9.568957024000001,3,2551.0,632.0,2934.0,3030.0
9.569040320000001,1,1566.0,2048.0,3133.0,2569.0
9.584921966000001,3,2551.0,632.0,2934.0,3030.0
9.585007885000001,1,1566.0,2048.0,3133.0,2569.0
9.600968881,3,2551.0,632.0,2934.0,3030.0
9.601054928,1,1566.0,2048.0,3133.0,2569.0
9.616893213,3,2551.0,632.0,2934.0,3030.0
9.616980211000001,1,1566.0,2048.0,3133.0,2569.0
9.633010582,3,2551.0,632.0,2934.0,3030.0
9.633119233,1,1566.0,2048.0,3133.0,2569.0
9.648835046,3,2551.0,632.0,2934.0,3030.0
9.648908946,1,1566.0,2048.0,3133.0,2569.0
9.664837498,1,1566.0,2048.0,3133.0,2569.0
9.664957902000001,3,2551.0,632.0,2934.0,3030.0
9.680815642,3,2551.0,632.0,2934.0,3030.0
9.680869102,1,1566.0,2048.0,3133.0,2569.0
9.696928769000001,3,2551.0,632.0,2934.0,3030.0
9.697015911000001,1,1566.0,2048.0,3133.0,2569.0
9.712933876000001,3,2551.0,632.0,2934.0,3030.0
9.713017044,1,1566.0,2048.0,3133.0,2569.0
9.728909426000001,3,2551.0,632.0,2934.0,3030.0
9.728995565,1,1566.0,2048.0,3133.0,2569.0
9.745112534,3,2551.0,632.0,2934.0,3031.0
9.745195197000001,1,1566.0,2048.0,3133.0,2569.0
9.760974212,3,2551.0,632.0,2934.0,3030.0
9.761062735000001,1,1566.0,2048.0,3133.0,2569.0
9.776981263000001,3,2551.0,632.0,2934.0,3030.0
9.777073625,1,1566.0,2048.0,3133.0,2569.0
9.792968518,3,2551.0,632.0,2934.0,3030.0
9.793076984,1,1566.0,2048.0,3133.0,2569.0
9.809061413,3,2551.0,632.0,2934.0,3030.0
9.809151578,1,1566.0,2048.0,3133.0,2569.0
9.825083738,3,2548.0,635.0,2933.0,3028.0
9.825170936000001,1,1564.0,2048.0,3130.0,2565.0
9.841007643000001,3,2540.0,645.0,2923.0,3018.0
9.841098479000001,1,1555.0,2048.0,3122.0,2556.0
9.856985785,3,2527.0,658.0,2912.0,3006.0
9.857077531,1,1544.0,2048.0,3111.0,2545.0
9.87304256,3,2512.0,670.0,2897.0,2992.0
9.873136314,1,1531.0,2048.0,3099.0,2532.0
9.889003725,3,2499.0,682.0,2884.0,2979.0
9.889090166,1,1519.0,2048.0,3087.0,2519.0
9.904962362000001,3,2486.0,695.0,2872.0,2968.0
9.90505628,1,1507.0,2048.0,3075.0,2506.0
9.9209221,3,2474.0,708.0,2860.0,2954.0
9.921004605,1,1493.0,2048.0,3062.0,2494.0
9.936914008,3,2461.0,721.0,2845.0,2941.0
9.936998176000001,1,1481.0,2048.0,3049.0,2481.0
9.952914148000001,3,2448.0,732.0,2834.0,2928.0
9.952999366,1,1467.0,2048.0,3037.0,2470.0
9.968925935000001,3,2436.0,745.0,2822.0,2916.0
9.969012159,1,1455.0,2048.0,3024.0,2457.0
9.984973516,3,2423.0,758.0,2810.0,2904.0
9.985061585,1,1442.0,2048.0,3011.0,2444.0
10.000934825,3,2410.0,771.0,2796.0,2891.0
10.001017631,1,1429.0,2048.0,2999.0,2432.0
10.016964546,3,2397.0,783.0,2784.0,2879.0
10.017056262,1,1417.0,2048.0,2987.0,2421.0
10.032981083000001,3,2386.0,795.0,2772.0,2866.0
10.033067962,1,1404.0,2048.0,2975.0,2408.0
10.048939132000001,3,2373.0,808.0,2760.0,2854.0
10.049025172,1,1392.0,2048.0,2962.0,2394.0
10.065032118000001,3,2361.0,821.0,2746.0,2841.0
10.065119065000001,1,1380.0,2048.0,2950.0,2383.0
10.080938833000001,3,2348.0,833.0,2733.0,2828.0
10.081023205000001,1,1367.0,2048.0,2938.0,2369.0
10.096958952000001,3,2336.0,846.0,2720.0,2816.0
10.097040735,1,1354.0,2048.0,2925.0,2357.0
10.112946532,3,2323.0,858.0,2708.0,2804.0
10.113031812000001,1,1341.0,2048.0,2913.0,2345.0
10.129104998,3,2310.0,872.0,2696.0,2791.0
10.129202254,1,1327.0,2048.0,2900.0,2332.0
10.144998874,3,2298.0,884.0,2684.0,2779.0
10.145095405000001,1,1315.0,2048.0,2889.0,2319.0
10.160996993000001,3,2286.0,896.0,2669.0,2766.0
10.161090620000001,1,1302.0,2048.0,2877.0,2308.0
10.176998945000001,3,2273.0,908.0,2658.0,2754.0
10.177255409,1,1290.0,2048.0,2864.0,2295.0
10.193076947,3,2260.0,921.0,2646.0,2741.0
10.193229013,1,1276.0,2048.0,2852.0,2282.0
10.208986079,3,2248.0,934.0,2633.0,2729.0
10.209086182,1,1264.0,2048.0,2840.0,2269.0
10.224997288,3,2236.0,946.0,2620.0,2716.0
10.225090296000001,1,1251.0,2048.0,2826.0,2257.0
10.240976754,3,2224.0,959.0,2608.0,2704.0
10.241080279,1,1239.0,2048.0,2815.0,2245.0
10.256725119,3,2211.0,971.0,2594.0,2691.0
10.25681437,1,1225.0,2048.0,2803.0,2233.0
10.272850567,3,2199.0,984.0,2583.0,2679.0
10.272948443,1,1213.0,2048.0,2790.0,2221.0
10.288788543,3,2186.0,996.0,2572.0,2666.0
10.28887858,1,1200.0,2048.0,2778.0,2208.0
10.304813775000001,3,2175.0,1008.0,2559.0,2654.0
10.304900616000001,1,1187.0,2048.0,2765.0,2196.0
10.320821026,3,2162.0,1021.0,2546.0,2642.0
10.320906086,1,1175.0,2048.0,2753.0,2183.0
10.336846296000001,3,2149.0,1025.0,2533.0,2629.0
10.336931318000001,1,1164.0,2048.0,2741.0,2170.0
10.352861303000001,3,2136.0,1025.0,2522.0,2615.0
10.352945784000001,1,1149.0,2048.0,2729.0,2158.0
10.368873316,3,2124.0,1025.0,2509.0,2603.0
10.368965079,1,1136.0,2048.0,2716.0,2146.0
10.384923786,3,2112.0,1026.0,2495.0,2590.0
10.385014495,1,1124.0,2048.0,2703.0,2134.0
10.400879748000001,3,2100.0,1025.0,2482.0,2577.0
10.400965088000001,1,1111.0,2048.0,2691.0,2121.0
10.416830821000001,3,2087.0,1025.0,2469.0,2565.0
10.416943754,1,1098.0,2048.0,2679.0,2108.0
10.432884037,3,2075.0,1025.0,2457.0,2552.0
10.432974464,1,1087.0,2048.0,2667.0,2096.0
10.448766933,3,2063.0,1025.0,2444.0,2539.0
10.448852662,1,1073.0,2048.0,2654.0,2083.0
10.464839557000001,3,2051.0,1025.0,2432.0,2527.0
10.464926422000001,1,1061.0,2048.0,2642.0,2070.0
10.480741342,3,2049.0,1025.0,2418.0,2514.0
10.480833985,1,1048.0,2048.0,2630.0,2059.0
10.496730956,3,2048.0,1025.0,2407.0,2502.0
10.496816106,1,1036.0,2048.0,2617.0,2050.0
10.512673156,3,2049.0,1025.0,2397.0,2489.0
10.512757936,1,1027.0,2048.0,2604.0,2049.0
10.528728292,3,2050.0,1025.0,2383.0,2477.0
10.528816659,1,1024.0,2048.0,2591.0,2049.0
10.544710551000001,3,2050.0,1025.0,2370.0,2465.0
10.544774952000001,1,1024.0,2048.0,2578.0,2049.0
10.560671308,3,2049.0,1025.0,2356.0,2452.0
10.560750026000001,1,1026.0,2047.0,2566.0,2049.0
10.576853719,3,2049.0,1025.0,2344.0,2439.0
10.576944724,1,1026.0,2048.0,2555.0,2049.0
10.592896137,3,2050.0,1025.0,2334.0,2427.0
10.592999153000001,1,1026.0,2048.0,2542.0,2049.0
10.608848611,3,2050.0,1025.0,2321.0,2414.0
10.608938123000001,1,1025.0,2048.0,2529.0,2049.0
10.624783038,3,2050.0,1025.0,2308.0,2402.0
10.624872096,1,1025.0,2048.0,2515.0,2049.0
10.640859609000001,3,2050.0,1025.0,2294.0,2389.0
10.640951195000001,1,1025.0,2048.0,2503.0,2049.0
10.656818592,3,2049.0,1025.0,2282.0,2377.0
10.656912386,1,1026.0,2048.0,2491.0,2049.0
10.672929695,3,2050.0,1025.0,2272.0,2365.0
10.673019128,1,1025.0,2048.0,2479.0,2049.0
10.688810054000001,3,2050.0,1025.0,2258.0,2352.0
10.688906367000001,1,1025.0,2048.0,2466.0,2049.0
10.704862233,3,2050.0,1025.0,2244.0,2340.0
10.704951619000001,1,1025.0,2048.0,2453.0,2049.0
10.720812776,3,2049.0,1025.0,2233.0,2327.0
10.720901285,1,1025.0,2048.0,2442.0,2049.0
10.736712846000001,3,2050.0,1025.0,2222.0,2314.0
10.736803568000001,1,1025.0,2048.0,2429.0,2049.0
10.75274867,3,2050.0,1025.0,2209.0,2301.0
10.752846676,1,1025.0,2048.0,2417.0,2049.0
10.768732758,3,2050.0,1025.0,2197.0,2289.0
10.768829676000001,1,1025.0,2048.0,2404.0,2049.0
10.784680446000001,3,2050.0,1025.0,2184.0,2276.0
10.784778708000001,1,1025.0,2048.0,2391.0,2049.0
10.800704002,3,2050.0,1025.0,2171.0,2263.0
10.800793506000002,1,1025.0,2048.0,2378.0,2049.0
10.816724218000001,3,2050.0,1025.0,2159.0,2251.0
10.816819935,1,1025.0,2048.0,2366.0,2049.0
10.832819596,3,2050.0,1025.0,2147.0,2239.0
10.832906986000001,1,1025.0,2048.0,2353.0,2049.0
10.848843976000001,3,2050.0,1025.0,2134.0,2226.0
10.848930555,1,1025.0,2048.0,2341.0,2049.0
10.864838377,3,2050.0,1025.0,2121.0,2213.0
10.864932327,1,1025.0,2048.0,2328.0,2049.0
10.880838113000001,3,2050.0,1025.0,2108.0,2201.0
10.880924641,1,1025.0,2048.0,2316.0,2049.0
10.896802828,3,2050.0,1025.0,2096.0,2188.0
10.896890146,1,1025.0,2048.0,2303.0,2049.0
10.912798905,3,2050.0,1025.0,2083.0,2175.0
10.912885143,1,1025.0,2048.0,2291.0,2049.0
10.928810528000001,3,2050.0,1025.0,2070.0,2162.0
10.928899776000002,1,1025.0,2048.0,2278.0,2049.0
10.944741574,3,2050.0,1025.0,2058.0,2150.0
10.94482821,1,1025.0,2048.0,2266.0,2049.0
10.960818412,3,2050.0,1024.0,2049.0,2137.0
10.960915674,1,1025.0,2048.0,2253.0,2049.0
10.976714687000001,3,2049.0,1024.0,2049.0,2126.0
10.976804695,1,1025.0,2048.0,2241.0,2049.0
10.992783959,3,2049.0,1024.0,2049.0,2112.0
10.992878321000001,1,1025.0,2048.0,2227.0,2049.0
11.008884704000002,3,2050.0,1024.0,2049.0,2100.0
11.008993643,1,1025.0,2048.0,2215.0,2049.0
11.024836724,3,2050.0,1024.0,2049.0,2087.0
11.024925594,1,1025.0,2048.0,2202.0,2049.0
11.040642925,3,2050.0,1024.0,2049.0,2075.0
11.040730566,1,1025.0,2048.0,2190.0,2049.0
11.056737314000001,3,2050.0,1024.0,2049.0,2062.0
11.05682395,1,1025.0,2048.0,2177.0,2049.0
11.072770864,3,2050.0,1024.0,2049.0,2051.0
11.072857341,1,1025.0,2048.0,2164.0,2049.0
11.088764243,3,2050.0,1024.0,2049.0,2051.0
11.088854148000001,1,1025.0,2048.0,2152.0,2049.0
11.104689069,3,2050.0,1024.0,2049.0,2050.0
11.104789675000001,1,1025.0,2048.0,2139.0,2049.0
11.120785325,3,2050.0,1024.0,2049.0,2050.0
11.120874478000001,1,1025.0,2048.0,2127.0,2049.0
11.136863094,3,2050.0,1024.0,2049.0,2050.0
11.136951790000001,1,1025.0,2048.0,2114.0,2049.0
11.152841038,3,2050.0,1024.0,2049.0,2050.0
11.15293096,1,1025.0,2048.0,2102.0,2049.0
11.168801193,3,2050.0,1024.0,2049.0,2050.0
11.168889989,1,1025.0,2048.0,2089.0,2049.0
11.184800114000002,3,2050.0,1024.0,2049.0,2050.0
11.184889399000001,1,1025.0,2048.0,2076.0,2049.0
11.200758306,3,2050.0,1024.0,2049.0,2050.0
11.200852903000001,1,1025.0,2048.0,2063.0,2049.0
11.216781582000001,3,2050.0,1024.0,2049.0,2050.0
11.216871458,1,1025.0,2048.0,2051.0,2049.0
11.232871894,3,2050.0,1024.0,2049.0,2050.0
11.232958136,1,1024.0,2048.0,2049.0,2049.0
11.249083161000001,3,2050.0,1024.0,2049.0,2050.0
11.249178556,1,1024.0,2048.0,2048.0,2049.0
11.264816681000001,3,2050.0,1024.0,2049.0,2050.0
11.264920872000001,1,1024.0,2048.0,2048.0,2049.0
11.280933587,3,2050.0,1024.0,2049.0,2050.0
11.281028974,1,1025.0,2048.0,2049.0,2049.0
11.296925612,3,2050.0,1024.0,2049.0,2050.0
11.297029021,1,1025.0,2048.0,2049.0,2049.0
11.312815841,3,2050.0,1024.0,2049.0,2050.0
11.312913075,1,1025.0,2048.0,2048.0,2049.0
11.328731005,3,2050.0,1024.0,2049.0,2050.0
11.328821598000001,1,1024.0,2048.0,2048.0,2049.0
11.344881431000001,3,2050.0,1024.0,2049.0,2050.0
11.344972916000001,1,1024.0,2048.0,2048.0,2049.0
11.360900061,3,2050.0,1024.0,2049.0,2050.0
11.360994011,1,1024.0,2048.0,2048.0,2049.0
11.376947071,3,2050.0,1024.0,2049.0,2050.0
11.37703493,1,1025.0,2048.0,2048.0,2049.0
11.392768445000002,3,2050.0,1024.0,2049.0,2050.0
11.392854386000002,1,1025.0,2048.0,2048.0,2049.0
11.408867560000001,3,2050.0,1024.0,2049.0,2050.0
11.408967118000001,1,1025.0,2048.0,2048.0,2049.0
11.42484596,3,2050.0,1024.0,2049.0,2050.0
11.424931469,1,1024.0,2048.0,2048.0,2049.0
11.440820414000001,3,2050.0,1024.0,2049.0,2050.0
11.440902794000001,1,1024.0,2048.0,2048.0,2049.0
11.456855982,3,2050.0,1024.0,2049.0,2050.0
11.456939188000002,1,1024.0,2048.0,2048.0,2049.0
11.472827017,3,2050.0,1024.0,2049.0,2050.0
11.472910685,1,1025.0,2048.0,2048.0,2049.0
11.488750296000001,3,2050.0,1024.0,2049.0,2050.0
11.488834445,1,1025.0,2048.0,2048.0,2049.0
11.504944065,3,2050.0,1024.0,2049.0,2050.0
11.50502758,1,1024.0,2048.0,2048.0,2049.0
11.520763814,3,2050.0,1024.0,2049.0,2050.0
11.520857059,1,1024.0,2048.0,2048.0,2049.0
11.536868901,3,2050.0,1024.0,2049.0,2050.0
11.536955805,1,1024.0,2048.0,2048.0,2049.0
11.552801078,3,2050.0,1024.0,2049.0,2050.0
11.552908705,1,1024.0,2048.0,2048.0,2049.0
11.568724492000001,3,2050.0,1024.0,2049.0,2050.0
11.568799354000001,1,1025.0,2048.0,2048.0,2049.0
11.584715265000002,3,2050.0,1024.0,2049.0,2050.0
11.584800645000001,1,1025.0,2048.0,2048.0,2049.0
11.600701576,3,2050.0,1024.0,2049.0,2050.0
11.600786633,1,1024.0,2048.0,2048.0,2049.0
11.616626567,3,2050.0,1024.0,2049.0,2050.0
11.616710029,1,1024.0,2048.0,2048.0,2049.0
11.632655311,3,2050.0,1024.0,2049.0,2050.0
11.632740171,1,1024.0,2048.0,2048.0,2049.0
11.648763469,3,2050.0,1024.0,2049.0,2050.0
11.648860385,1,1024.0,2048.0,2048.0,2049.0
11.664712733,3,2050.0,1024.0,2049.0,2050.0
11.664806811,1,1024.0,2048.0,2048.0,2049.0
11.680848633,3,2050.0,1024.0,2049.0,2050.0
11.680945664000001,1,1024.0,2048.0,2048.0,2049.0
11.696781115,3,2050.0,1024.0,2049.0,2050.0
11.696867418,1,1024.0,2048.0,2048.0,2049.0
11.71278223,3,2050.0,1024.0,2049.0,2050.0
11.712867417,1,1024.0,2048.0,2048.0,2049.0
11.728745409,3,2050.0,1024.0,2049.0,2050.0
11.728835156,1,1024.0,2048.0,2048.0,2049.0
11.744765672000002,3,2050.0,1024.0,2049.0,2050.0
11.7448543,1,1024.0,2048.0,2048.0,2049.0
11.760555854000001,3,2050.0,1024.0,2049.0,2050.0
11.760637171,1,1024.0,2048.0,2048.0,2049.0
11.776672544,3,2050.0,1024.0,2049.0,2050.0
11.776760632,1,1024.0,2048.0,2048.0,2049.0
11.792695601,3,2050.0,1024.0,2049.0,2050.0
11.792792072000001,1,1024.0,2048.0,2048.0,2049.0
11.808648912,3,2050.0,1024.0,2049.0,2050.0
11.808736938000001,1,1024.0,2048.0,2048.0,2049.0
11.824660311,3,2050.0,1024.0,2049.0,2050.0
11.824745488000001,1,1024.0,2048.0,2048.0,2049.0
11.840677773000001,3,2050.0,1024.0,2049.0,2050.0
11.840762602,1,1024.0,2048.0,2048.0,2049.0
11.856802062,3,2050.0,1024.0,2049.0,2050.0
11.856894082,1,1024.0,2048.0,2048.0,2049.0
11.872653535000001,3,2050.0,1024.0,2049.0,2050.0
11.872743471000001,1,1024.0,2048.0,2048.0,2049.0
11.888744662,3,2050.0,1024.0,2049.0,2050.0
11.888830319,1,1024.0,2048.0,2048.0,2049.0
11.904764326,3,2050.0,1024.0,2049.0,2050.0
11.904848181,1,1024.0,2048.0,2048.0,2049.0
11.920761174,3,2050.0,1024.0,2049.0,2050.0
11.920844016,1,1024.0,2048.0,2047.0,2049.0
11.936741188000001,3,2050.0,1024.0,2049.0,2050.0
11.936823549000001,1,1024.0,2048.0,2048.0,2049.0
11.952720492000001,3,2050.0,1024.0,2049.0,2050.0
11.952803423,1,1024.0,2048.0,2047.0,2049.0
11.968675384,3,2050.0,1024.0,2049.0,2050.0
11.968757488000001,1,1024.0,2048.0,2048.0,2049.0
11.984674723000001,3,2050.0,1024.0,2049.0,2050.0
11.984760993,1,1024.0,2048.0,2048.0,2049.0
12.000749928000001,3,2050.0,1024.0,2049.0,2050.0
12.000838047,1,1024.0,2048.0,2048.0,2049.0
12.016662921,3,2050.0,1024.0,2049.0,2050.0
12.016751981,1,1024.0,2048.0,2048.0,2049.0
12.032688455,3,2050.0,1024.0,2049.0,2050.0
12.032776027,1,1024.0,2048.0,2048.0,2049.0
12.048742891000002,3,2050.0,1024.0,2049.0,2050.0
12.04882521,1,1024.0,2048.0,2048.0,2049.0
12.064673666000001,3,2050.0,1024.0,2049.0,2050.0
12.064759188,1,1024.0,2048.0,2048.0,2049.0
12.080703777,3,2050.0,1024.0,2049.0,2050.0
12.080793882,1,1024.0,2048.0,2048.0,2049.0
12.096626228,3,2050.0,1024.0,2049.0,2050.0
12.096721033000001,1,1024.0,2048.0,2048.0,2049.0
12.112605045,3,2050.0,1024.0,2049.0,2050.0
12.112690171,1,1024.0,2048.0,2048.0,2049.0
12.128713419,3,2050.0,1024.0,2049.0,2050.0
12.128797743000002,1,1024.0,2048.0,2048.0,2049.0
12.144840085,3,2050.0,1024.0,2049.0,2050.0
12.144932623,1,1024.0,2048.0,2048.0,2049.0
12.160848363000001,3,2050.0,1024.0,2049.0,2050.0
12.160935223000001,1,1024.0,2048.0,2048.0,2049.0
12.176802726,3,2050.0,1024.0,2049.0,2050.0
12.176897309000001,1,1024.0,2048.0,2048.0,2049.0
12.192675963000001,3,2050.0,1024.0,2049.0,2050.0
12.192764021,1,1024.0,2048.0,2048.0,2049.0
12.208597444,3,2050.0,1024.0,2049.0,2050.0
12.208681424,1,1024.0,2048.0,2048.0,2049.0
12.224734828,3,2050.0,1024.0,2049.0,2050.0
12.224797878,1,1024.0,2048.0,2048.0,2049.0
12.240617925,1,1024.0,2048.0,2048.0,2049.0
12.240737015,3,2050.0,1024.0,2049.0,2050.0
12.256981366000002,3,2050.0,1024.0,2049.0,2050.0
12.257079401,1,1024.0,2048.0,2048.0,2049.0
12.272961449,3,2050.0,1024.0,2049.0,2050.0
12.273044163000002,1,1024.0,2048.0,2048.0,2049.0
12.288846791000001,3,2050.0,1024.0,2049.0,2050.0
12.288933875000001,1,1024.0,2048.0,2048.0,2049.0
12.304943851,3,2050.0,1024.0,2049.0,2050.0
12.305031242,1,1024.0,2048.0,2048.0,2049.0
12.320968845000001,3,2050.0,1024.0,2049.0,2050.0
12.321057381000001,1,1024.0,2048.0,2048.0,2049.0
12.33663886,3,2050.0,1024.0,2049.0,2050.0
12.336730520000001,1,1024.0,2048.0,2048.0,2049.0
12.353031234000001,3,2050.0,1024.0,2049.0,2050.0
12.353124374,1,1024.0,2048.0,2048.0,2049.0
12.368977868,3,2050.0,1024.0,2049.0,2050.0
12.369069042000001,1,1024.0,2048.0,2048.0,2049.0
12.384975087,3,2050.0,1024.0,2049.0,2050.0
12.385063329000001,1,1024.0,2048.0,2048.0,2049.0
12.400783335000002,3,2050.0,1024.0,2049.0,2050.0
12.400865668000002,1,1024.0,2048.0,2048.0,2049.0
12.416842514,3,2050.0,1024.0,2049.0,2050.0
12.416924929,1,1024.0,2048.0,2048.0,2049.0
12.432839213000001,3,2050.0,1024.0,2049.0,2050.0
12.432926763000001,1,1024.0,2048.0,2048.0,2049.0
12.449055945000001,3,2050.0,1024.0,2049.0,2050.0
12.449139123,1,1024.0,2048.0,2048.0,2049.0
